,pure phases,pure phases,pure phases,pure phases,pure phases,pure phases,pure phases,pure phases,ideal alloy,ideal alloy,ideal alloy,ideal alloy,ideal alloy,ideal alloy,ideal alloy,ideal alloy
,A,B,C,D1,D2,E,cold,gas,A,B,C,D1,D2,E,cold,gas
Ag,0.0,0.00016841491755563992,0.05267539252822363,0.034885775726635565,0.9122704168111608,1.6424318870117068e-11,0.0,2.5281163732460607e-89,0.0005422727532618563,0.003573318794842205,0.024962248243322004,0.045103211643733335,0.9258189485456157,1.922490449269312e-11,0.0,1.3095990339131784e-177
Al,0.0,0.998001696619132,0.001998198981993154,1.0439887492415757e-07,0.0,0.0,0.0,0.0,0.043161898863617494,0.9545790243452781,0.002258827214546193,2.4957655819589484e-07,0.0,0.0,0.0,0.0
Au,0.0,0.5809550460393849,0.4190449539555395,5.07561153833652e-12,1.5513891245501724e-26,1.2593967444626326e-46,0.0,2.6855570796621393e-184,0.033223089575517444,0.521052792691401,0.44572411700144526,7.31636147852311e-10,9.465939091108369e-33,7.414313991855444e-66,0.0,0.0
Bi,0.0,1.6369330425235036e-07,0.0009876998720409439,0.0003356373583024162,0.9986764990757936,5.589190034234705e-13,0.0,1.808356446593451e-169,7.835970980943599e-05,0.0002810441616746615,0.00043706974302452217,0.00035558058962251746,0.9988479457952928,5.761302950120662e-13,0.0,0.0
C,0.014441688037991491,0.09200643783408198,0.08233610094899761,0.004316092295928646,0.219475788725976,0.36053443694843385,0.14872541067335074,0.07816404453523966,0.0016546967701109678,0.06086248356293165,0.06894053620225592,0.0057572362216264375,0.23354466277618174,0.40088610481011133,0.17886501622586967,0.049489263430912214
Ca,0.0,0.9246896925438529,0.07531023878726327,6.866888383020525e-08,0.0,0.0,0.0,0.0,0.0,0.9201766481991691,0.07982326836265244,8.34381784359976e-08,0.0,0.0,0.0,0.0
Cd,0.0,1.797798248716803e-07,6.759500030225637e-06,1.4270000998309384e-06,6.373996210960254e-05,0.8893733905574382,0.1105545017531776,1.4473195829791225e-09,1.9197290853357833e-06,4.9901835385786585e-06,3.261132399455551e-06,1.4877267134548342e-06,6.13183525982489e-05,0.9559341954376417,0.04399282650205746,9.359658237586736e-10
Cl,0.0,0.0,0.0,0.0,0.9663237831157522,0.03318525085231179,0.0004909660319360901,0.0,0.0,0.0,0.0,0.0,0.965355117032254,0.034408378814983334,0.00023650415276272498,0.0
Co,0.0,0.9996965746915936,0.0003034253084018891,4.458083114492066e-15,3.181686017145573e-23,2.494352970666596e-50,0.0,1.0377091326035322e-224,0.0888616945328111,0.9032776735346382,0.007860630733701504,1.1988492138066038e-09,1.9996332950775566e-22,7.622007003805287e-60,0.0,0.0
Cr,0.0,0.0,0.8371237459203439,0.16287625407965617,0.0,0.0,0.0,0.0,0.13074511698811184,0.5946273968032908,0.2743081834477089,0.0003193027608882796,0.0,0.0,0.0,0.0
Cu,0.0,0.0,0.9005400956724589,0.09907052023264709,0.0003893840948941388,0.0,0.0,0.0,0.07146650245707271,0.32529908227523374,0.500862049248452,0.10197050888804665,0.00040185713119483206,0.0,0.0,0.0
F,0.0,0.0,0.0,0.0,0.43361034530591447,0.5500720580070947,0.0,0.016317596686991013,0.0,0.0,0.0,0.0,0.39675598364119846,0.5958447375560305,0.0,0.007399278802771023
Fe,0.0,0.9613999226993163,0.038501887498381404,9.80890011188601e-05,1.008011835474726e-07,0.0,0.0,0.0,0.2920586660051615,0.6808228002688484,0.02711853372599002,0.0,0.0,0.0,0.0,0.0
Ga,0.0,0.04953858896454452,0.6117707812039538,0.15090910869959065,0.14398002038964494,0.04380150074220613,5.99442432532919e-14,0.0,0.0025501885692383918,0.03936024111553669,0.43684354557447674,0.2530249002708793,0.22403905418239942,0.04418207028746336,6.15936742895358e-15,6.338326550736897e-31
H,0.0,0.0,0.0,0.0,0.0,1.4905455078510895e-07,0.8206792187488066,0.17932063219664263,0.0,0.0,0.0,0.0,0.0,0.0,0.8852771442174876,0.11472285578251232
Hg,0.0,0.0,0.0,0.0,0.0,0.0,0.49831745505580144,0.5016825449441986,0.0,7.33246270713272e-08,4.698149163538152e-07,6.766309396169365e-08,7.395877728355599e-07,6.999621677542663e-05,0.6754960141910381,0.3244326392017762
In,0.0,0.0004525528580255971,0.05981943927692382,0.036310597377443986,0.0942314981052393,0.8091859084500913,3.93227594922403e-09,1.3990625762524196e-28,0.00030175519387877687,0.0022362397148089175,0.03410267870958665,0.045770067285646435,0.08948268286438707,0.8281065762316906,1.6257056616961747e-15,3.353585199314295e-42
K,0.0,0.0,0.0,0.0,0.976570973111181,0.02342902688881905,0.0,0.0,0.0,0.0,0.0,0.0,0.9758380602360504,0.02416193976394974,0.0,0.0
Li,0.0,0.0,0.0,0.0,0.07708727095891196,0.922912729041088,0.0,0.0,0.0,0.0,0.0,0.0,0.07053530052181053,0.9294646994781894,0.0,0.0
Mg,0.0,0.015760528333863974,0.984029221115052,0.00021025055108402167,0.0,0.0,0.0,0.0,0.00016479077907519813,0.01723591591789398,0.9823390051020428,0.00026028820098804263,0.0,0.0,0.0,0.0
Mn,0.0,0.01857384886865843,0.17029204917058316,0.68869565282859,0.12243844904938127,8.27872256966273e-11,0.0,2.629092518147017e-87,0.0010298173086164023,0.011839442895224124,0.0824676722783346,0.7783035054688259,0.12635956195220702,9.679193067213275e-11,0.0,1.0766163392557943e-181
N,0.0,0.0,0.0,0.0,0.0,0.0,0.0013214525312839399,0.998678547468716,0.0,0.0,0.0,0.0,0.0,0.0,0.0006378446162868133,0.9993621553837131
Na,0.0,0.0,0.0,0.07445857666134495,0.9227715029693224,0.0027699203693326,0.0,0.0,0.0,0.0,0.0,0.07413253225944526,0.9230112376199829,0.002856230120571795,0.0,0.0
Nd,0.23768819633983385,0.6923265610851881,0.06996026861876854,2.497395620946929e-05,1.4151473249238348e-21,2.1014538657322055e-94,0.0,0.0,0.351875064696037,0.5744460153908305,0.07323923512763866,0.00043967866628866095,6.119205315762579e-09,2.504463188995494e-55,0.0,0.0
Ni,0.0,0.0,0.9927205666561437,0.007279433343856311,0.0,0.0,0.0,0.0,0.36663583268166566,0.6298963599517973,0.0034678073665368857,0.0,0.0,0.0,0.0,0.0
O,0.0,0.11180823262875351,0.23592669828649376,0.0013243519614479663,0.05994692928617349,0.0009102627168662974,0.5876827666129769,0.002400758507288059,0.0,0.10126600341474241,0.20068940705676575,0.0016812132348892127,0.05996658694444814,0.0009054860535433814,0.6339435497278474,0.0015477535677636644
P,0.0,0.0,0.0,0.0,0.0,0.8807811743362216,0.1192184826146122,3.430491662059114e-07,0.0,0.0,0.0,0.0,0.0,0.8766553133983781,0.12333820679765088,6.479803971027336e-06
Pb,0.0,0.0,0.0,0.0,0.7850853509442554,0.21491464905574464,0.0,0.0,0.0024285101353586232,0.005427090654034534,0.0022687175855101074,0.0013846645643134157,0.7672873679451739,0.22120364911560927,0.0,0.0
Pd,0.0,0.9999999990971387,9.028612574052124e-10,1.2420686993770331e-23,3.592719487928241e-33,9.040063463942953e-56,0.0,9.570103772340415e-206,0.42788193078025233,0.5721176389012718,4.303184759043321e-07,3.579642586075122e-17,2.232557178000843e-32,7.054862986170876e-65,0.0,0.0
Pt,0.0,1.0,6.734015337151441e-38,8.100441373489044e-108,4.860288525868288e-159,2.500991442497389e-206,0.0,0.0,0.9989944129392486,0.0010055870607514447,8.291037560662824e-45,1.1047454021668035e-107,2.1188729210222416e-188,2.0846368538797166e-279,0.0,0.0
S,0.0,0.0,0.153314917061272,0.8458437110706,0.0005184642059451604,0.0,0.0,0.0003229076621826889,0.0,0.0,0.15696389833373725,0.8421398717112881,0.0005419680956552452,0.0,0.0,0.00035426185931935756
Sb,0.0,0.05828740754692772,0.6668555090790176,0.15709306725986533,0.1177411914565797,2.2824657609715255e-05,0.0,1.736337165580083e-48,0.002785841046152346,0.04022008974872013,0.49290925432179616,0.29390806699350813,0.17015023528463674,2.6512605186685988e-05,0.0,3.7060793799287513e-79
Si,0.12554306480898503,0.2651318288165989,0.6069504744379667,0.0023746319364491945,0.0,0.0,0.0,0.0,0.18416581627989673,0.2952513570509205,0.5175835204084792,0.0029993062607037136,0.0,0.0,0.0,0.0
Sn,0.0,0.1420139203071129,0.5063977404669484,0.24224917916248773,0.10933916006342453,2.639007840705638e-14,0.0,9.567534547324865e-43,0.007317210086277188,0.13994701183151853,0.23023327665597368,0.503005829142653,0.11949667073753324,1.5460442854031551e-09,0.0,1.1391035705969635e-45
Ti,0.9748743339668171,0.025067403400341533,5.826263284153435e-05,0.0,0.0,0.0,0.0,0.0,0.993032395420443,0.006967604579557012,0.0,0.0,0.0,0.0,0.0,0.0
W,0.9971606744093334,0.0028393255906666573,4.771838992151148e-112,1.1328142682383035e-260,0.0,0.0,0.0,0.0,1.0,1.458302978837888e-29,5.2301296506509655e-182,0.0,0.0,0.0,0.0,0.0
Zn,0.0,0.0,0.0,0.0,0.0,1.0,0.0,0.0,6.0305029657319765e-05,8.608919953718126e-05,1.030112392257665e-05,3.014421678335182e-06,0.00031561010666410265,0.9995246801185406,0.0,0.0
