,pure phases,ideal alloy
Ag,1175.0,1175.0
Al,2200.0,2200.0
Au,2075.0,2025.0
Bi,1025.0,1025.0
C,925.0,925.0
Ca,2100.0,2100.0
Cd,475.0,475.0
Cl,1125.0,1125.0
Co,2275.0,2300.0
Cr,1650.0,2225.0
Cu,1700.0,1800.0
F,975.0,975.0
Fe,2225.0,2475.0
Ga,1675.0,1575.0
H,350.0,350.0
Hg,,300.0
In,650.0,675.0
K,1125.0,1125.0
Li,850.0,850.0
Mg,1950.0,1950.0
Mn,1375.0,1375.0
N,,
Na,1225.0,1225.0
Nd,2350.0,2500.0
Ni,1850.0,2525.0
O,350.0,350.0
P,400.0,400.0
Pb,1025.0,1025.0
Pd,2300.0,2575.0
Pt,2325.0,2700.0
S,1500.0,1500.0
Sb,1675.0,1600.0
Si,1925.0,1950.0
Sn,1725.0,1325.0
Ti,2825.0,2825.0
W,3000.0,3000.0
Zn,675.0,675.0
