C/O,gas,T_C,Zn_removal_pct,Fe_metallization_pct,measured_Zn_removal_pct_1300C,measured_Fe_metallization_1300C
0.8,sweep-equivalent N2,900,99.99999999965394,99.99952399801765,98.8,>90
0.8,sweep-equivalent N2,1000,100.00000000005531,99.99903176658277,98.8,>90
0.8,sweep-equivalent N2,1100,100.00000000043386,99.99808431384992,98.8,>90
0.8,sweep-equivalent N2,1200,99.99999999970224,99.99535662505592,98.8,>90
0.8,sweep-equivalent N2,1300,100.00000000035745,99.97255680838134,98.8,>90
0.8,"closed, little N2",900,99.99999999998504,99.9995378969616,98.8,>90
0.8,"closed, little N2",1000,100.00000000001006,99.99910677414239,98.8,>90
0.8,"closed, little N2",1100,100.00000000001448,99.99847599463327,98.8,>90
0.8,"closed, little N2",1200,100.00000034955826,99.9975746268248,98.8,>90
0.8,"closed, little N2",1300,100.00000000030207,99.9959625340592,98.8,>90
0.5,sweep-equivalent N2,900,99.99998157442911,53.910463427128136,88.5,
0.5,sweep-equivalent N2,1000,100.00000000092658,52.39677494510487,88.5,
0.5,sweep-equivalent N2,1100,99.99999999847513,52.18375071673944,88.5,
0.5,sweep-equivalent N2,1200,100.00000000009275,52.987001502745045,88.5,
0.5,sweep-equivalent N2,1300,99.99999635807855,53.61795223365896,88.5,
0.5,"closed, little N2",900,100.00000002472385,53.70832013534336,88.5,
0.5,"closed, little N2",1000,100.00000000000107,51.47820297097559,88.5,
0.5,"closed, little N2",1100,99.9999999937799,49.85462560608791,88.5,
0.5,"closed, little N2",1200,100.00000000000107,48.83924271841564,88.5,
0.5,"closed, little N2",1300,99.99999999999044,48.53913936571275,88.5,
0.16,sweep-equivalent N2,900,99.99994543409812,0.0,50.0,<=10
0.16,sweep-equivalent N2,1000,100.00000000015491,0.0,50.0,<=10
0.16,sweep-equivalent N2,1100,100.00000000060896,0.0,50.0,<=10
0.16,sweep-equivalent N2,1200,99.99999999994452,0.0,50.0,<=10
0.16,sweep-equivalent N2,1300,100.00000000087026,0.0,50.0,<=10
0.16,"closed, little N2",900,99.99999999999622,0.0,50.0,<=10
0.16,"closed, little N2",1000,99.99999999998684,0.0,50.0,<=10
0.16,"closed, little N2",1100,99.99999999999409,0.0,50.0,<=10
0.16,"closed, little N2",1200,100.00000000000905,0.0,50.0,<=10
0.16,"closed, little N2",1300,99.99999982575112,0.0,50.0,<=10
