T_gas,d_um,t_ms
3500.0,2,0.0532124327037394
3500.0,5,0.3325777043983712
3500.0,10,1.3303108175934848
3500.0,20,5.321243270373939
3500.0,50,33.257770439837124
3500.0,100,133.0310817593485
3500.0,200,532.124327037394
5000.0,2,0.014629219543067258
5000.0,5,0.09143262214417036
5000.0,10,0.36573048857668145
5000.0,20,1.4629219543067258
5000.0,50,9.143262214417035
5000.0,100,36.57304885766814
5000.0,200,146.29219543067256
8000.0,2,0.0019915631318123106
8000.0,5,0.012447269573826941
8000.0,10,0.049789078295307765
8000.0,20,0.19915631318123106
8000.0,50,1.2447269573826942
8000.0,100,4.978907829530777
8000.0,200,19.915631318123108
