T,species,mole_fraction,which
1000.0,"C10H8,naphthale",1.8035875965777548e-23,
1000.0,"C12H10,bipheny",4.80444977521483e-30,
1000.0,"C6H5OH,phenol",2.1263244647550503e-19,
1000.0,CF4,2.2569781459966414e-37,
1000.0,C2F4,7.84969001568492e-50,
1000.0,CH3CL,1.256205715635006e-11,
1000.0,CCL4,1.080946659946336e-43,
1000.0,COCL2,3.054889182701501e-23,
1000.0,HCN,2.215414238955572e-07,
1000.0,C2H5OH,6.071082037646254e-13,
1000.0,CH4,0.041574340927976315,
1000.0,C6H6,7.093207827125898e-15,
1000.0,"C2H2,acetylene",7.529601677428803e-10,
1000.0,largest molecule with >= 6 atoms,4.6209535545394235e-07,C2H6
1500.0,"C10H8,naphthale",2.9037689840908306e-21,
1500.0,"C12H10,bipheny",2.2938125301352866e-27,
1500.0,"C6H5OH,phenol",2.9431664944626146e-19,
1500.0,CF4,6.569031565523654e-39,
1500.0,C2F4,1.5258044929846936e-46,
1500.0,CH3CL,6.891285861795733e-12,
1500.0,CCL4,1.1496933550387827e-39,
1500.0,COCL2,3.630398928585944e-22,
1500.0,HCN,3.424572677087492e-05,
1500.0,C2H5OH,2.7011926169939922e-15,
1500.0,CH4,0.0011143395657339896,
1500.0,C6H6,8.339076230004163e-14,
1500.0,"C2H2,acetylene",5.942598959073813e-06,
1500.0,largest molecule with >= 6 atoms,1.114566828063108e-06,C2H4
2000.0,"C10H8,naphthale",5.436470958536914e-28,
2000.0,"C12H10,bipheny",1.8414013108648834e-35,
2000.0,"C6H5OH,phenol",3.7900881460604716e-23,
2000.0,CF4,2.3452461862878422e-37,
2000.0,C2F4,2.7270293461435826e-43,
2000.0,CH3CL,3.116662372612864e-11,
2000.0,CCL4,3.2540594680185356e-31,
2000.0,COCL2,6.226079064515542e-18,
2000.0,HCN,7.014222847704615e-05,
2000.0,C2H5OH,1.3614106379198722e-17,
2000.0,CH4,1.5271826516060525e-05,
2000.0,C6H6,4.328901953258135e-18,
2000.0,"C2H2,acetylene",1.2508303464398451e-05,
2000.0,largest molecule with >= 6 atoms,3.6229852922328505e-08,C2H4
2500.0,"C10H8,naphthale",5.1304238887586426e-26,
2500.0,"C12H10,bipheny",4.248024353972334e-33,
2500.0,"C6H5OH,phenol",1.5514027097200799e-22,
2500.0,CF4,3.416975609888113e-42,
2500.0,C2F4,1.5797491007456706e-46,
2500.0,CH3CL,3.473480096849037e-11,
2500.0,CCL4,1.61042990754666e-29,
2500.0,COCL2,1.747600865438616e-17,
2500.0,HCN,0.0003780605285106742,
2500.0,C2H5OH,2.358624476638664e-18,
2500.0,CH4,5.582948682773335e-06,
2500.0,C6H6,4.9388174648216405e-17,
2500.0,"C2H2,acetylene",0.0003073526120408648,
2500.0,largest molecule with >= 6 atoms,1.0680713012859345e-07,C4H2
2890.0,"C10H8,naphthale",1.057287934934405e-28,
2890.0,"C12H10,bipheny",2.487732372738199e-36,
2890.0,"C6H5OH,phenol",4.363675378229248e-24,
2890.0,CF4,7.683255924073164e-39,
2890.0,C2F4,1.1069073012126327e-42,
2890.0,CH3CL,6.395478896341272e-11,
2890.0,CCL4,2.023726266906911e-26,
2890.0,COCL2,5.891772520560017e-16,
2890.0,HCN,0.0004069217695933577,
2890.0,C2H5OH,3.5779313382532747e-19,
2890.0,CH4,1.2960304792479637e-06,
2890.0,C6H6,9.984017621124126e-19,
2890.0,"C2H2,acetylene",0.00030003108450738164,
2890.0,largest molecule with >= 6 atoms,1.1787956125189787e-07,C4H2
