T,start,max_rel_diff_major
1000.0,atoms,0.0
1000.0,hard molecules,9.947469800263203e-12
1000.0,monomers,9.458511329154544e-12
1000.0,PARAMANU solver,3.4792830688189774e-09
1500.0,atoms,0.0
1500.0,hard molecules,2.5215127409328215e-12
1500.0,monomers,6.755940118058806e-13
1500.0,PARAMANU solver,3.000206305034597e-09
2000.0,atoms,0.0
2000.0,hard molecules,4.85163783415266e-14
2000.0,monomers,2.166052952503505e-14
2000.0,PARAMANU solver,2.580739423497754e-09
2500.0,atoms,0.0
2500.0,hard molecules,1.151915129548282e-12
2500.0,monomers,2.9873812493707214e-14
2500.0,PARAMANU solver,2.1390159441348546e-09
2890.0,atoms,0.0
2890.0,hard molecules,1.5137568315535882e-14
2890.0,monomers,1.0128125604930709e-13
2890.0,PARAMANU solver,3.1474443484165635e-09
