P_atm,T_K,batch_kg,volume_m3,diameter_m,area_m2,emissivity,radiation_MW,batch_energy_MWh,radiation_MWh_per_10min
1.0,2888.671875,10.0,116.9368542979299,6.0671434230401475,115.64274599528227,0.1,45.57365776815855,0.04076398565562871,7.595609628026425
1.0,2888.671875,10.0,116.9368542979299,6.0671434230401475,115.64274599528227,0.3,136.72097330447565,0.04076398565562871,22.786828884079274
1.0,2888.671875,100.0,1169.3685429792988,13.07126425999648,536.7660785000211,0.1,211.534181003575,0.4076398565562871,35.255696833929164
1.0,2888.671875,100.0,1169.3685429792988,13.07126425999648,536.7660785000211,0.3,634.6025430107251,0.4076398565562871,105.7670905017875
1.0,2888.671875,1000.0,11693.685429792988,28.161185164310357,2491.447436227818,0.1,981.854692473618,4.076398565562871,163.642448745603
1.0,2888.671875,1000.0,11693.685429792988,28.161185164310357,2491.447436227818,0.3,2945.5640774208537,4.076398565562871,490.92734623680894
10.0,3187.5,10.0,12.703601337118055,2.894961181612301,26.329060474744583,0.1,15.392256390055028,0.041438671666788114,2.5653760650091715
10.0,3187.5,10.0,12.703601337118055,2.894961181612301,26.329060474744583,0.3,46.17676917016509,0.041438671666788114,7.696128195027515
10.0,3187.5,100.0,127.03601337118054,6.237004795961234,122.20867309909003,0.1,71.44452538418437,0.414386716667881,11.907420897364064
10.0,3187.5,100.0,127.03601337118054,6.237004795961234,122.20867309909003,0.3,214.33357615255312,0.414386716667881,35.72226269209219
10.0,3187.5,1000.0,1270.3601337118055,13.437219494314112,567.2424124273706,0.1,331.61611124599483,4.1438671666788105,55.26935187433247
10.0,3187.5,1000.0,1270.3601337118055,13.437219494314112,567.2424124273706,0.3,994.8483337379844,4.1438671666788105,165.80805562299741
