t_per_day,P_atm,residence_s,loss_fraction,torch_MW
10.0,1.0,0.001,0.049179365889487056,1.133155355140593
10.0,1.0,0.0012589254117941675,0.05733893093144516,1.133155355140593
10.0,1.0,0.001584893192461114,0.06685228532122761,1.133155355140593
10.0,1.0,0.001995262314968879,0.07794404220780232,1.133155355140593
10.0,1.0,0.0025118864315095794,0.09087608129624537,1.133155355140593
10.0,1.0,0.0031622776601683794,0.10595373190608164,1.133155355140593
10.0,1.0,0.003981071705534973,0.12353298188804761,1.133155355140593
10.0,1.0,0.005011872336272725,0.14402888260396204,1.133155355140593
10.0,1.0,0.006309573444801929,0.1679253484137986,1.133155355140593
10.0,1.0,0.007943282347242814,0.19578658203878863,1.133155355140593
10.0,1.0,0.01,0.2282703955568003,1.133155355140593
10.0,1.0,0.012589254117941675,0.26614374154269016,1.133155355140593
10.0,1.0,0.01584893192461114,0.3103008210485056,1.133155355140593
10.0,1.0,0.0199526231496888,0.36178419595837846,1.133155355140593
10.0,1.0,0.025118864315095808,0.4218094041871397,1.133155355140593
10.0,1.0,0.03162277660168379,0.49179365889487053,1.133155355140593
10.0,1.0,0.039810717055349734,0.5733893093144514,1.133155355140593
10.0,1.0,0.05011872336272725,0.668522853212276,1.133155355140593
10.0,1.0,0.06309573444801933,0.7794404220780233,1.133155355140593
10.0,1.0,0.07943282347242818,0.9087608129624538,1.133155355140593
10.0,1.0,0.1,1.0595373190608166,1.133155355140593
10.0,1.0,0.12589254117941676,1.235329818880476,1.133155355140593
10.0,1.0,0.1584893192461114,1.4402888260396203,1.133155355140593
10.0,1.0,0.19952623149688808,1.679253484137987,1.133155355140593
10.0,1.0,0.25118864315095824,1.9578658203878878,1.133155355140593
10.0,1.0,0.31622776601683794,2.282703955568003,1.133155355140593
10.0,1.0,0.3981071705534973,2.661437415426901,1.133155355140593
10.0,1.0,0.5011872336272725,3.1030082104850556,1.133155355140593
10.0,1.0,0.6309573444801936,3.6178419595837843,1.133155355140593
10.0,1.0,0.7943282347242822,4.218094041871399,1.133155355140593
10.0,1.0,1.0,4.917936588948705,1.133155355140593
10.0,1.0,1.2589254117941675,5.733893093144513,1.133155355140593
10.0,1.0,1.584893192461114,6.6852285321227605,1.133155355140593
10.0,1.0,1.9952623149688808,7.794404220780233,1.133155355140593
10.0,1.0,2.5118864315095824,9.08760812962454,1.133155355140593
10.0,1.0,3.1622776601683795,10.59537319060816,1.133155355140593
10.0,1.0,3.981071705534973,12.353298188804757,1.133155355140593
10.0,1.0,5.011872336272725,14.4028882603962,1.133155355140593
10.0,1.0,6.309573444801936,16.79253484137987,1.133155355140593
10.0,1.0,7.943282347242821,19.578658203878874,1.133155355140593
10.0,1.0,10.0,22.82703955568002,1.133155355140593
10.0,10.0,0.001,0.016322160437295223,1.1531429282211898
10.0,10.0,0.0012589254117941675,0.019030241912210203,1.1531429282211898
10.0,10.0,0.001584893192461114,0.0221876331033819,1.1531429282211898
10.0,10.0,0.001995262314968879,0.0258688809633273,1.1531429282211898
10.0,10.0,0.0025118864315095794,0.0301609008575501,1.1531429282211898
10.0,10.0,0.0031622776601683794,0.03516502866237481,1.1531429282211898
10.0,10.0,0.003981071705534973,0.04099941333536435,1.1531429282211898
10.0,10.0,0.005011872336272725,0.04780180644762574,1.1531429282211898
10.0,10.0,0.006309573444801929,0.05573281453969775,1.1531429282211898
10.0,10.0,0.007943282347242814,0.06497969109011832,1.1531429282211898
10.0,10.0,0.01,0.07576075762618578,1.1531429282211898
10.0,10.0,0.012589254117941675,0.08833055836066475,1.1531429282211898
10.0,10.0,0.01584893192461114,0.10298587005695464,1.1531429282211898
10.0,10.0,0.0199526231496888,0.12007270901743823,1.1531429282211898
10.0,10.0,0.025118864315095808,0.1399945006321067,1.1531429282211898
10.0,10.0,0.03162277660168379,0.16322160437295216,1.1531429282211898
10.0,10.0,0.039810717055349734,0.19030241912210205,1.1531429282211898
10.0,10.0,0.05011872336272725,0.22187633103381893,1.1531429282211898
10.0,10.0,0.06309573444801933,0.258688809633273,1.1531429282211898
10.0,10.0,0.07943282347242818,0.3016090085755011,1.1531429282211898
10.0,10.0,0.1,0.35165028662374803,1.1531429282211898
10.0,10.0,0.12589254117941676,0.40999413335364343,1.1531429282211898
10.0,10.0,0.1584893192461114,0.4780180644762574,1.1531429282211898
10.0,10.0,0.19952623149688808,0.5573281453969778,1.1531429282211898
10.0,10.0,0.25118864315095824,0.6497969109011836,1.1531429282211898
10.0,10.0,0.31622776601683794,0.7576075762618576,1.1531429282211898
10.0,10.0,0.3981071705534973,0.8833055836066477,1.1531429282211898
10.0,10.0,0.5011872336272725,1.0298587005695463,1.1531429282211898
10.0,10.0,0.6309573444801936,1.2007270901743825,1.1531429282211898
10.0,10.0,0.7943282347242822,1.3999450063210672,1.1531429282211898
10.0,10.0,1.0,1.6322160437295217,1.1531429282211898
10.0,10.0,1.2589254117941675,1.9030241912210195,1.1531429282211898
10.0,10.0,1.584893192461114,2.218763310338189,1.1531429282211898
10.0,10.0,1.9952623149688808,2.5868880963327316,1.1531429282211898
10.0,10.0,2.5118864315095824,3.0160900857550117,1.1531429282211898
10.0,10.0,3.1622776601683795,3.5165028662374804,1.1531429282211898
10.0,10.0,3.981071705534973,4.0999413335364325,1.1531429282211898
10.0,10.0,5.011872336272725,4.780180644762573,1.1531429282211898
10.0,10.0,6.309573444801936,5.573281453969777,1.1531429282211898
10.0,10.0,7.943282347242821,6.497969109011836,1.1531429282211898
10.0,10.0,10.0,7.576075762618576,1.1531429282211898
100.0,1.0,0.001,0.022827039555680034,11.33155355140593
100.0,1.0,0.0012589254117941675,0.02661437415426902,11.33155355140593
100.0,1.0,0.001584893192461114,0.03103008210485056,11.33155355140593
100.0,1.0,0.001995262314968879,0.036178419595837834,11.33155355140593
100.0,1.0,0.0025118864315095794,0.04218094041871396,11.33155355140593
100.0,1.0,0.0031622776601683794,0.049179365889487056,11.33155355140593
100.0,1.0,0.003981071705534973,0.05733893093144516,11.33155355140593
100.0,1.0,0.005011872336272725,0.06685228532122761,11.33155355140593
100.0,1.0,0.006309573444801929,0.0779440422078023,11.33155355140593
100.0,1.0,0.007943282347242814,0.09087608129624537,11.33155355140593
100.0,1.0,0.01,0.10595373190608166,11.33155355140593
100.0,1.0,0.012589254117941675,0.12353298188804761,11.33155355140593
100.0,1.0,0.01584893192461114,0.14402888260396204,11.33155355140593
100.0,1.0,0.0199526231496888,0.16792534841379866,11.33155355140593
100.0,1.0,0.025118864315095808,0.1957865820387887,11.33155355140593
100.0,1.0,0.03162277660168379,0.22827039555680032,11.33155355140593
100.0,1.0,0.039810717055349734,0.2661437415426901,11.33155355140593
100.0,1.0,0.05011872336272725,0.3103008210485056,11.33155355140593
100.0,1.0,0.06309573444801933,0.3617841959583784,11.33155355140593
100.0,1.0,0.07943282347242818,0.4218094041871397,11.33155355140593
100.0,1.0,0.1,0.49179365889487053,11.33155355140593
100.0,1.0,0.12589254117941676,0.5733893093144514,11.33155355140593
100.0,1.0,0.1584893192461114,0.6685228532122761,11.33155355140593
100.0,1.0,0.19952623149688808,0.7794404220780234,11.33155355140593
100.0,1.0,0.25118864315095824,0.9087608129624543,11.33155355140593
100.0,1.0,0.31622776601683794,1.0595373190608162,11.33155355140593
100.0,1.0,0.3981071705534973,1.2353298188804762,11.33155355140593
100.0,1.0,0.5011872336272725,1.4402888260396203,11.33155355140593
100.0,1.0,0.6309573444801936,1.6792534841379874,11.33155355140593
100.0,1.0,0.7943282347242822,1.9578658203878876,11.33155355140593
100.0,1.0,1.0,2.2827039555680027,11.33155355140593
100.0,1.0,1.2589254117941675,2.6614374154269016,11.33155355140593
100.0,1.0,1.584893192461114,3.103008210485055,11.33155355140593
100.0,1.0,1.9952623149688808,3.6178419595837843,11.33155355140593
100.0,1.0,2.5118864315095824,4.218094041871398,11.33155355140593
100.0,1.0,3.1622776601683795,4.917936588948705,11.33155355140593
100.0,1.0,3.981071705534973,5.733893093144514,11.33155355140593
100.0,1.0,5.011872336272725,6.6852285321227605,11.33155355140593
100.0,1.0,6.309573444801936,7.794404220780233,11.33155355140593
100.0,1.0,7.943282347242821,9.08760812962454,11.33155355140593
100.0,1.0,10.0,10.59537319060816,11.33155355140593
100.0,10.0,0.001,0.007576075762618574,11.5314292822119
100.0,10.0,0.0012589254117941675,0.008833055836066476,11.5314292822119
100.0,10.0,0.001584893192461114,0.010298587005695461,11.5314292822119
100.0,10.0,0.001995262314968879,0.012007270901743814,11.5314292822119
100.0,10.0,0.0025118864315095794,0.013999450063210657,11.5314292822119
100.0,10.0,0.0031622776601683794,0.016322160437295216,11.5314292822119
100.0,10.0,0.003981071705534973,0.019030241912210196,11.5314292822119
100.0,10.0,0.005011872336272725,0.02218763310338189,11.5314292822119
100.0,10.0,0.006309573444801929,0.02586888096332729,11.5314292822119
100.0,10.0,0.007943282347242814,0.03016090085755009,11.5314292822119
100.0,10.0,0.01,0.035165028662374795,11.5314292822119
100.0,10.0,0.012589254117941675,0.04099941333536434,11.5314292822119
100.0,10.0,0.01584893192461114,0.047801806447625717,11.5314292822119
100.0,10.0,0.0199526231496888,0.05573281453969774,11.5314292822119
100.0,10.0,0.025118864315095808,0.06497969109011832,11.5314292822119
100.0,10.0,0.03162277660168379,0.07576075762618574,11.5314292822119
100.0,10.0,0.039810717055349734,0.08833055836066472,11.5314292822119
100.0,10.0,0.05011872336272725,0.10298587005695463,11.5314292822119
100.0,10.0,0.06309573444801933,0.12007270901743815,11.5314292822119
100.0,10.0,0.07943282347242818,0.1399945006321066,11.5314292822119
100.0,10.0,0.1,0.16322160437295216,11.5314292822119
100.0,10.0,0.12589254117941676,0.19030241912210194,11.5314292822119
100.0,10.0,0.1584893192461114,0.22187633103381885,11.5314292822119
100.0,10.0,0.19952623149688808,0.25868880963327306,11.5314292822119
100.0,10.0,0.25118864315095824,0.3016090085755011,11.5314292822119
100.0,10.0,0.31622776601683794,0.3516502866237479,11.5314292822119
100.0,10.0,0.3981071705534973,0.40999413335364326,11.5314292822119
100.0,10.0,0.5011872336272725,0.4780180644762571,11.5314292822119
100.0,10.0,0.6309573444801936,0.5573281453969776,11.5314292822119
100.0,10.0,0.7943282347242822,0.6497969109011835,11.5314292822119
100.0,10.0,1.0,0.7576075762618574,11.5314292822119
100.0,10.0,1.2589254117941675,0.8833055836066472,11.5314292822119
100.0,10.0,1.584893192461114,1.0298587005695459,11.5314292822119
100.0,10.0,1.9952623149688808,1.2007270901743818,11.5314292822119
100.0,10.0,2.5118864315095824,1.3999450063210666,11.5314292822119
100.0,10.0,3.1622776601683795,1.6322160437295212,11.5314292822119
100.0,10.0,3.981071705534973,1.903024191221019,11.5314292822119
100.0,10.0,5.011872336272725,2.218763310338188,11.5314292822119
100.0,10.0,6.309573444801936,2.5868880963327303,11.5314292822119
100.0,10.0,7.943282347242821,3.01609008575501,11.5314292822119
100.0,10.0,10.0,3.516502866237478,11.5314292822119
1000.0,1.0,0.001,0.010595373190608161,113.31553551405932
1000.0,1.0,0.0012589254117941675,0.012353298188804759,113.31553551405932
1000.0,1.0,0.001584893192461114,0.014402888260396202,113.31553551405932
1000.0,1.0,0.001995262314968879,0.01679253484137986,113.31553551405932
1000.0,1.0,0.0025118864315095794,0.01957865820387886,113.31553551405932
1000.0,1.0,0.0031622776601683794,0.02282703955568003,113.31553551405932
1000.0,1.0,0.003981071705534973,0.02661437415426901,113.31553551405932
1000.0,1.0,0.005011872336272725,0.031030082104850556,113.31553551405932
1000.0,1.0,0.006309573444801929,0.03617841959583783,113.31553551405932
1000.0,1.0,0.007943282347242814,0.042180940418713946,113.31553551405932
1000.0,1.0,0.01,0.04917936588948705,113.31553551405932
1000.0,1.0,0.012589254117941675,0.057338930931445126,113.31553551405932
1000.0,1.0,0.01584893192461114,0.0668522853212276,113.31553551405932
1000.0,1.0,0.0199526231496888,0.0779440422078023,113.31553551405932
1000.0,1.0,0.025118864315095808,0.09087608129624537,113.31553551405932
1000.0,1.0,0.03162277660168379,0.1059537319060816,113.31553551405932
1000.0,1.0,0.039810717055349734,0.12353298188804757,113.31553551405932
1000.0,1.0,0.05011872336272725,0.144028882603962,113.31553551405932
1000.0,1.0,0.06309573444801933,0.16792534841379864,113.31553551405932
1000.0,1.0,0.07943282347242818,0.1957865820387887,113.31553551405932
1000.0,1.0,0.1,0.22827039555680023,113.31553551405932
1000.0,1.0,0.12589254117941676,0.2661437415426901,113.31553551405932
1000.0,1.0,0.1584893192461114,0.3103008210485055,113.31553551405932
1000.0,1.0,0.19952623149688808,0.3617841959583784,113.31553551405932
1000.0,1.0,0.25118864315095824,0.42180940418713964,113.31553551405932
1000.0,1.0,0.31622776601683794,0.4917936588948703,113.31553551405932
1000.0,1.0,0.3981071705534973,0.5733893093144513,113.31553551405932
1000.0,1.0,0.5011872336272725,0.668522853212276,113.31553551405932
1000.0,1.0,0.6309573444801936,0.7794404220780231,113.31553551405932
1000.0,1.0,0.7943282347242822,0.9087608129624539,113.31553551405932
1000.0,1.0,1.0,1.0595373190608157,113.31553551405932
1000.0,1.0,1.2589254117941675,1.2353298188804755,113.31553551405932
1000.0,1.0,1.584893192461114,1.44028882603962,113.31553551405932
1000.0,1.0,1.9952623149688808,1.6792534841379865,113.31553551405932
1000.0,1.0,2.5118864315095824,1.957865820387887,113.31553551405932
1000.0,1.0,3.1622776601683795,2.2827039555680018,113.31553551405932
1000.0,1.0,3.981071705534973,2.6614374154269003,113.31553551405932
1000.0,1.0,5.011872336272725,3.1030082104850543,113.31553551405932
1000.0,1.0,6.309573444801936,3.6178419595837834,113.31553551405932
1000.0,1.0,7.943282347242821,4.218094041871396,113.31553551405932
1000.0,1.0,10.0,4.917936588948702,113.31553551405932
1000.0,10.0,0.001,0.0035165028662374797,115.314292822119
1000.0,10.0,0.0012589254117941675,0.004099941333536434,115.314292822119
1000.0,10.0,0.001584893192461114,0.004780180644762572,115.314292822119
1000.0,10.0,0.001995262314968879,0.0055732814539697735,115.314292822119
1000.0,10.0,0.0025118864315095794,0.006497969109011829,115.314292822119
1000.0,10.0,0.0031622776601683794,0.007576075762618574,115.314292822119
1000.0,10.0,0.003981071705534973,0.008833055836066474,115.314292822119
1000.0,10.0,0.005011872336272725,0.010298587005695463,115.314292822119
1000.0,10.0,0.006309573444801929,0.012007270901743815,115.314292822119
1000.0,10.0,0.007943282347242814,0.013999450063210659,115.314292822119
1000.0,10.0,0.01,0.016322160437295216,115.314292822119
1000.0,10.0,0.012589254117941675,0.019030241912210193,115.314292822119
1000.0,10.0,0.01584893192461114,0.022187633103381885,115.314292822119
1000.0,10.0,0.0199526231496888,0.0258688809633273,115.314292822119
1000.0,10.0,0.025118864315095808,0.030160900857550098,115.314292822119
1000.0,10.0,0.03162277660168379,0.035165028662374795,115.314292822119
1000.0,10.0,0.039810717055349734,0.040999413335364325,115.314292822119
1000.0,10.0,0.05011872336272725,0.04780180644762571,115.314292822119
1000.0,10.0,0.06309573444801933,0.05573281453969774,115.314292822119
1000.0,10.0,0.07943282347242818,0.06497969109011832,115.314292822119
1000.0,10.0,0.1,0.07576075762618575,115.314292822119
1000.0,10.0,0.12589254117941676,0.08833055836066472,115.314292822119
1000.0,10.0,0.1584893192461114,0.10298587005695459,115.314292822119
1000.0,10.0,0.19952623149688808,0.12007270901743819,115.314292822119
1000.0,10.0,0.25118864315095824,0.13999450063210667,115.314292822119
1000.0,10.0,0.31622776601683794,0.16322160437295213,115.314292822119
1000.0,10.0,0.3981071705534973,0.1903024191221019,115.314292822119
1000.0,10.0,0.5011872336272725,0.22187633103381882,115.314292822119
1000.0,10.0,0.6309573444801936,0.258688809633273,115.314292822119
1000.0,10.0,0.7943282347242822,0.30160900857550105,115.314292822119
1000.0,10.0,1.0,0.3516502866237478,115.314292822119
1000.0,10.0,1.2589254117941675,0.40999413335364326,115.314292822119
1000.0,10.0,1.584893192461114,0.47801806447625705,115.314292822119
1000.0,10.0,1.9952623149688808,0.5573281453969776,115.314292822119
1000.0,10.0,2.5118864315095824,0.6497969109011833,115.314292822119
1000.0,10.0,3.1622776601683795,0.7576075762618574,115.314292822119
1000.0,10.0,3.981071705534973,0.883305583606647,115.314292822119
1000.0,10.0,5.011872336272725,1.0298587005695459,115.314292822119
1000.0,10.0,6.309573444801936,1.200727090174382,115.314292822119
1000.0,10.0,7.943282347242821,1.3999450063210663,115.314292822119
1000.0,10.0,10.0,1.632216043729521,115.314292822119
