P_atm,T_wall,batch_kg,tau_s
1.0,600.0,1.0,0.41724229235145177
1.0,600.0,1.7782794100389228,0.5055005775333793
1.0,600.0,3.1622776601683795,0.6124279311344143
1.0,600.0,5.62341325190349,0.7419733774860273
1.0,600.0,10.0,0.8989212687903925
1.0,600.0,17.78279410038923,1.0890679800690644
1.0,600.0,31.622776601683793,1.3194359799804396
1.0,600.0,56.23413251903491,1.5985331835360193
1.0,600.0,100.0,1.9366671650894973
1.0,600.0,177.82794100389228,2.346325836063745
1.0,600.0,316.2277660168379,2.842638646546073
1.0,600.0,562.341325190349,3.443935343777104
1.0,600.0,1000.0,4.172422923514518
1.0,600.0,1778.2794100389228,5.055005775333795
1.0,600.0,3162.2776601683795,6.124279311344146
1.0,600.0,5623.413251903491,7.4197337748602745
1.0,600.0,10000.0,8.989212687903928
1.0,2000.0,1.0,0.540715576269369
1.0,2000.0,1.7782794100389228,0.6550918761016364
1.0,2000.0,3.1622776601683795,0.793661926840025
1.0,2000.0,5.62341325190349,0.9615433759671494
1.0,2000.0,10.0,1.164936394955309
1.0,2000.0,17.78279410038923,1.4113526630314344
1.0,2000.0,31.622776601683793,1.7098927873416967
1.0,2000.0,56.23413251903491,2.0715824051539964
1.0,2000.0,100.0,2.509779380972402
1.0,2000.0,177.82794100389228,3.040667137103803
1.0,2000.0,316.2277660168379,3.6838523372842618
1.0,2000.0,562.341325190349,4.463088996923455
1.0,2000.0,1000.0,5.40715576269369
1.0,2000.0,1778.2794100389228,6.550918761016367
1.0,2000.0,3162.2776601683795,7.936619268400253
1.0,2000.0,5623.413251903491,9.615433759671495
1.0,2000.0,10000.0,11.649363949553095
10.0,600.0,1.0,1.2571688312310656
10.0,600.0,1.7782794100389228,1.5230948106022122
10.0,600.0,3.1622776601683795,1.8452714897582518
10.0,600.0,5.62341325190349,2.235597447520902
10.0,600.0,10.0,2.7084881412310464
10.0,600.0,17.78279410038923,3.281408296168948
10.0,600.0,31.622776601683793,3.975516910061991
10.0,600.0,56.23413251903491,4.816448693885764
10.0,600.0,100.0,5.835260809008143
10.0,600.0,177.82794100389228,7.0695798654248
10.0,600.0,316.2277660168379,8.564991541845918
10.0,600.0,562.341325190349,10.376724148866248
10.0,600.0,1000.0,12.571688312310659
10.0,600.0,1778.2794100389228,15.230948106022126
10.0,600.0,3162.2776601683795,18.452714897582517
10.0,600.0,5623.413251903491,22.355974475209027
10.0,600.0,10000.0,27.08488141231047
10.0,2000.0,1.0,1.4858980804218895
10.0,2000.0,1.7782794100389228,1.8002066223342459
10.0,2000.0,3.1622776601683795,2.1810001142042887
10.0,2000.0,5.62341325190349,2.642341961830606
10.0,2000.0,10.0,3.2012703703127046
10.0,2000.0,17.78279410038923,3.878427596382026
10.0,2000.0,31.622776601683793,4.698822305005219
10.0,2000.0,56.23413251903491,5.69275318549476
10.0,2000.0,100.0,6.896927937972905
10.0,2000.0,177.82794100389228,8.355818956422413
10.0,2000.0,316.2277660168379,10.123305776198823
10.0,2000.0,562.341325190349,12.264664944619422
10.0,2000.0,1000.0,14.858980804218898
10.0,2000.0,1778.2794100389228,18.002066223342464
10.0,2000.0,3162.2776601683795,21.810001142042886
10.0,2000.0,5623.413251903491,26.423419618306063
10.0,2000.0,10000.0,32.01270370312705
