T,MWh,gas_mol,condensed_mol
300.0,-0.017536940679634676,4891.674104898276,17348.236864995983
400.0,0.03928626743511359,7760.003633943437,14371.04373306229
500.0,0.06573536813519584,7827.325036514358,14309.04886814661
600.0,0.09909605465019862,8079.490629169665,14410.555028462377
700.0,0.1484478347099079,8831.999368692386,15077.349912210226
800.0,0.21649052368818708,10226.622233868817,15919.214099430013
900.0,0.32746038259015137,12657.700846729807,16929.31774623777
1000.0,0.4685827126929344,15506.686816652073,16111.660613511483
1100.0,0.5517909568698331,16787.482775475968,15540.500720113469
1200.0,0.6074083610922315,17331.84854768136,15270.591773895754
1300.0,0.6524806771905902,17549.88154469704,15126.90838614281
1400.0,0.7029213494429164,17809.6070857726,14916.773048040453
1500.0,0.796468599590358,18734.264614593838,13898.482443536977
1600.0,0.8368291373250489,18798.67710288053,13843.789033580357
1700.0,1.100020812950631,21470.82317653814,9890.343183013845
1800.0,1.413245187216788,24810.33028455351,5516.774369600947
1900.0,1.587538385457476,26237.846542843272,4446.793129878162
2000.0,1.8627910318329102,28744.87464144083,2924.621279915554
2100.0,1.9726730738822102,29534.051499210396,2612.3087907513664
2200.0,2.1457178678976048,30822.961125766553,1770.3812584800335
2300.0,2.343682444580752,32252.500470981628,914.6098083070651
2400.0,2.4197183589492544,32640.31209143713,762.9369616633061
2500.0,2.49993970878956,33029.12807626502,632.191304494773
2600.0,2.598273797834825,33516.38687178941,409.2137796423086
2700.0,2.726009908021947,34181.46667978912,106.58708354918215
2800.0,2.814554447096941,34640.68845837908,18.9367709235506
2900.0,2.9087743007463653,35129.98761196429,0.0
3000.0,3.0050197998026804,35637.21761295468,0.0
3100.0,3.1098802545753945,36204.934735272414,0.0
3200.0,3.225611312829754,36851.70662197817,0.0
3300.0,3.3533506807132625,37587.60559813031,0.0
3400.0,3.4926182475573824,38409.62355347299,0.0
3500.0,3.6413501984483423,39301.964952679045,0.0
3600.0,3.796088743597501,40237.6605754307,0.0
3700.0,3.952382057963724,41181.749539124816,0.0
3800.0,4.105458566435805,42096.518846974475,0.0
3900.0,4.251081268739951,42948.06280355948,0.0
4000.0,4.386344027154281,43712.29512990279,0.0
4100.0,4.510151581638857,44378.43368753268,0.0
4200.0,4.623242906707629,44949.0057971626,0.0
4300.0,4.727791616844161,45436.85454313217,0.0
4400.0,4.8267505205429515,45860.574146199295,0.0
4500.0,4.923158420979934,46239.944912648556,0.0
4600.0,5.01959816710158,46592.4974082025,0.0
4700.0,5.117897309249198,46931.62649246519,0.0
4800.0,5.219047762542439,47266.02879011981,0.0
4900.0,5.323267302588563,47599.97289722927,0.0
5000.0,5.4301476649239095,47934.03684647123,0.0
5100.0,5.5388770588401455,48266.18127447427,0.0
5200.0,5.648540970863101,48593.13747696418,0.0
5300.0,5.7584836098517584,48912.026433645246,0.0
5400.0,5.868668476743873,49221.957638948516,0.0
5500.0,5.979939912311168,49525.2150174246,0.0
5600.0,6.094090455403811,49827.65598449494,0.0
5700.0,6.213695487605359,50138.180059373364,0.0
5800.0,6.341764507244409,50467.46749934693,0.0
5900.0,6.481325928270247,50826.443528510354,0.0
6000.0,6.635066166280186,51224.9328387688,0.0
