pretreat,P_atm,dry_kg,all_gas_T,MWh_at_all_gas_T,MWh_at_5000K,gas_mol
0.0,0.1,750.0,2629.39453125,2.9544126387166596,5.966371869226084,36297.86564537148
0.0,1.0,750.0,2888.671875,2.996817174710216,5.543050128992202,35874.72080953276
0.0,10.0,750.0,3183.10546875,3.042090691460048,5.045123728554372,35303.60125223831
0.052,0.1,711.0,2629.39453125,2.8569988066758714,5.853894460876117,35495.305630529714
0.052,1.0,711.0,2888.671875,2.8983193801152014,5.4301476649239095,35075.60913159867
0.052,10.0,711.0,3187.5,2.946289555508634,4.9308517290210325,34532.55331277263
0.15,0.1,637.5,2704.1015625,2.772365368057461,5.347379112547844,34085.812606843574
0.15,1.0,637.5,2963.37890625,2.7720316300769285,5.0613332071304376,33331.42444667911
0.15,10.0,637.5,3270.99609375,2.7930359557806526,4.686163858567561,32552.998283257086
0.3,0.1,525.0,2809.5703125,2.5183684948814666,4.859308227203289,30552.130703803003
0.3,1.0,525.0,3051.26953125,2.470147329424571,4.733133672411041,29522.26756467482
0.3,10.0,525.0,3345.703125,2.4601539460741297,4.36571591136408,28591.01219543531
