subset,output,input,S1_raw,null_mean,S1,significant
all,gold in Band B,mass_fines,0.012403968822810158,0.005147248246153598,0.0072567205766565605,True
all,gold in Band B,mass_plastics,0.007935564881998211,0.005147826808668331,0.00278773807332988,True
all,gold in Band B,mass_paper,0.005094334994842387,0.005133318266404945,0.0,False
all,gold in Band B,mass_glass,0.004926566224524049,0.004654997970209426,0.000271568254314623,False
all,gold in Band B,mass_ferrous,0.006471366363646514,0.0048695961159179865,0.0016017702477285276,False
all,gold in Band B,mass_nonferrous,0.0022074194855896292,0.004614954308610746,0.0,False
all,gold in Band B,mass_ewaste,0.007163126102093108,0.005258854926820434,0.001904271175272674,False
all,gold in Band B,mass_batteries,0.0047658386554650855,0.005210403731985755,0.0,False
all,gold in Band B,mass_other,0.003224763239061353,0.004462477802885103,0.0,False
all,gold in Band B,trace_Au,0.005792442311876391,0.004755323958954017,0.0010371183529223737,False
all,gold in Band B,trace_Ag,0.006531024835746051,0.00452577416503174,0.0020052506707143114,True
all,gold in Band B,trace_Pd,0.005054965578934544,0.004932302508808165,0.00012266307012637895,False
all,gold in Band B,trace_Pt,0.003781893220149463,0.004859514165800473,0.0,False
all,gold in Band B,trace_Sn,0.004292491770599114,0.004514166602832765,0.0,False
all,gold in Band B,trace_Sb,0.005351972964731833,0.004656931336103091,0.0006950416286287415,False
all,gold in Band B,trace_Cd,0.004037873120624004,0.004610085019141249,0.0,False
all,gold in Band B,trace_Co,0.003914827192707762,0.004405794829259917,0.0,False
all,gold in Band B,trace_Mn,0.0033317780508300325,0.005025396657361132,0.0,False
all,gold in Band B,trace_Bi,0.004816885055581135,0.004709028340140014,0.0001078567154411212,False
all,gold in Band B,trace_In,0.005841228540060926,0.005063712052231805,0.0007775164878291206,False
all,gold in Band B,trace_Ga,0.0038386444108407854,0.004932397383691127,0.0,False
all,gold in Band B,trace_Nd,0.005213760903691556,0.004689720101564152,0.0005240408021274044,False
all,gold in Band B,trace_W,0.00426683354649499,0.004650467850084691,0.0,False
all,gold in Band B,hg_ppm,0.007362233620655252,0.004717647622162918,0.0026445859984923345,False
all,gold in Band B,pretreat,0.008091248975441284,0.004919386411901708,0.0031718625635395762,True
all,gold in Band B,pressure,0.8276213137002014,0.00041658395476432076,0.8272047297454371,True
all,gold in Band B,chloride_data,0.00017059970965634002,0.00035623528413328357,0.0,False
all,gold in Band B,gamma_Ag_in_Cu,0.004443131762331771,0.004805997336397894,0.0,False
all,gold in Band B,gamma_Ag_in_Fe,0.004110592641899185,0.004896765327344871,0.0,False
all,gold in Band B,gamma_Ag_in_Ni,0.00485542677162379,0.004722435253418026,0.0001329915182057646,False
all,gold in Band B,gamma_Au_in_Cu,0.005246777086838766,0.004874287319945516,0.00037248976689325045,False
all,gold in Band B,gamma_Au_in_Fe,0.11815719913032152,0.004607959331671282,0.11354923979865024,True
all,gold in Band B,gamma_Au_in_Ni,0.004186266445349086,0.004953275751924361,0.0,False
all,gold in Band B,gamma_Bi_in_Cu,0.005768985646488656,0.004365350871720919,0.001403634774767737,True
all,gold in Band B,gamma_Bi_in_Fe,0.0054470568390830535,0.004446865722746703,0.0010001911163363504,False
all,gold in Band B,gamma_Cd_in_Cu,0.0048551724701861405,0.004465382741765517,0.0003897897284206239,False
all,gold in Band B,gamma_Cd_in_Fe,0.005430544127014984,0.005189752627584099,0.00024079149943088528,False
all,gold in Band B,gamma_Co_in_Cu,0.002955583315336542,0.004365677744122777,0.0,False
all,gold in Band B,gamma_Co_in_Fe,0.003958694816337419,0.004444819807558583,0.0,False
all,gold in Band B,gamma_Ga_in_Cu,0.004557170024884508,0.00459535358054488,0.0,False
all,gold in Band B,gamma_Ga_in_Fe,0.005647123426407055,0.004353811190679228,0.0012933122357278275,False
all,gold in Band B,gamma_In_in_Cu,0.0027077588678653787,0.0048080841164965206,0.0,False
all,gold in Band B,gamma_In_in_Fe,0.005365853272244905,0.00444000774587772,0.0009258455263671849,False
all,gold in Band B,gamma_Mn_in_Cu,0.004113219574229732,0.004592966803809678,0.0,False
all,gold in Band B,gamma_Mn_in_Fe,0.004098934232280317,0.004617392277664066,0.0,False
all,gold in Band B,gamma_Mn_in_Ni,0.003424079484312916,0.004681179940778705,0.0,False
all,gold in Band B,gamma_Pd_in_Cu,0.005314800145581508,0.005090579524349329,0.00022422062123217922,False
all,gold in Band B,gamma_Pd_in_Fe,0.004077640599869158,0.0048888830855461,0.0,False
all,gold in Band B,gamma_Pd_in_Ni,0.0028277795453660755,0.004278598023752767,0.0,False
all,gold in Band B,gamma_Pt_in_Cu,0.0018976827487375166,0.005352756981613318,0.0,False
all,gold in Band B,gamma_Pt_in_Fe,0.0045177408612196495,0.004194683150037977,0.00032305771118167244,False
all,gold in Band B,gamma_Pt_in_Ni,0.004807031650137477,0.004908038109577259,0.0,False
all,gold in Band B,gamma_Sb_in_Cu,0.007143389998858046,0.004657158773286604,0.002486231225571442,True
all,gold in Band B,gamma_Sb_in_Fe,0.006912852782717588,0.0048858582456280195,0.002026994537089569,False
all,gold in Band B,gamma_Sn_in_Cu,0.005892239636879149,0.004548787470551708,0.0013434521663274407,True
all,gold in Band B,gamma_Sn_in_Fe,0.0046605453526697895,0.004632502228328091,2.804312434169856e-05,False
all,gold in Bands B+C,mass_fines,0.005029914907116811,0.004741108959690821,0.0002888059474259906,False
all,gold in Bands B+C,mass_plastics,0.006283153212769207,0.0051435675178006434,0.0011395856949685639,False
all,gold in Bands B+C,mass_paper,0.004723159948081083,0.004469487929029141,0.0002536720190519414,False
all,gold in Bands B+C,mass_glass,0.006155702188554466,0.004901507563260266,0.0012541946252942002,False
all,gold in Bands B+C,mass_ferrous,0.004967882749976351,0.005229682623814464,0.0,False
all,gold in Bands B+C,mass_nonferrous,0.003108875890124574,0.0051616881959581,0.0,False
all,gold in Bands B+C,mass_ewaste,0.007508435158519877,0.004913222541980865,0.002595212616539012,True
all,gold in Bands B+C,mass_batteries,0.006492257412352414,0.00513172621543769,0.001360531196914724,False
all,gold in Bands B+C,mass_other,0.005684649621724109,0.004911564998845173,0.0007730846228789362,False
all,gold in Bands B+C,trace_Au,0.004548488009156642,0.0051771326715713845,0.0,False
all,gold in Bands B+C,trace_Ag,0.010169026164598033,0.004416672462759715,0.0057523537018383175,True
all,gold in Bands B+C,trace_Pd,0.004797684633500201,0.004140117705144945,0.0006575669283552564,False
all,gold in Bands B+C,trace_Pt,0.0031461899828900577,0.004820836945235076,0.0,False
all,gold in Bands B+C,trace_Sn,0.004400542309150351,0.004381626750684953,1.8915558465397615e-05,False
all,gold in Bands B+C,trace_Sb,0.00846026258784603,0.004520509397458923,0.003939753190387107,True
all,gold in Bands B+C,trace_Cd,0.003968077893316898,0.004932024565562967,0.0,False
all,gold in Bands B+C,trace_Co,0.005892548674165696,0.00489905378313846,0.0009934948910272365,False
all,gold in Bands B+C,trace_Mn,0.004916086315784982,0.005032790362665659,0.0,False
all,gold in Bands B+C,trace_Bi,0.006354819432385119,0.004790684757170566,0.0015641346752145536,False
all,gold in Bands B+C,trace_In,0.005766128190921756,0.004583967336504413,0.0011821608544173431,False
all,gold in Bands B+C,trace_Ga,0.0047494330348544275,0.005150459638624845,0.0,False
all,gold in Bands B+C,trace_Nd,0.00487028440694853,0.005076887843141334,0.0,False
all,gold in Bands B+C,trace_W,0.004503102684810102,0.004930705958919301,0.0,False
all,gold in Bands B+C,hg_ppm,0.008645306239216163,0.00471196418288155,0.003933342056334613,True
all,gold in Bands B+C,pretreat,0.024874551720727257,0.004921868999681493,0.019952682721045764,True
all,gold in Bands B+C,pressure,0.578293984848887,0.00042265397286559244,0.5778713308760215,True
all,gold in Bands B+C,chloride_data,0.0005802582345788509,0.0003549460359947193,0.0002253121985841316,False
all,gold in Bands B+C,gamma_Ag_in_Cu,0.004477112712447324,0.0047043334219538276,0.0,False
all,gold in Bands B+C,gamma_Ag_in_Fe,0.005433615865401005,0.00494231043260069,0.0004913054328003156,False
all,gold in Bands B+C,gamma_Ag_in_Ni,0.007017770414214235,0.004857390890503513,0.002160379523710723,True
all,gold in Bands B+C,gamma_Au_in_Cu,0.007565509858887684,0.00515179987982659,0.0024137099790610935,True
all,gold in Bands B+C,gamma_Au_in_Fe,0.027616866722460293,0.004922571102483631,0.022694295619976664,True
all,gold in Bands B+C,gamma_Au_in_Ni,0.00542169088105084,0.00502987235576299,0.00039181852528785005,False
all,gold in Bands B+C,gamma_Bi_in_Cu,0.006295441831233254,0.004186855287681921,0.0021085865435513324,False
all,gold in Bands B+C,gamma_Bi_in_Fe,0.007459210469607371,0.0047791395601431644,0.0026800709094642067,True
all,gold in Bands B+C,gamma_Cd_in_Cu,0.005743581994795246,0.004547803885744566,0.0011957781090506806,False
all,gold in Bands B+C,gamma_Cd_in_Fe,0.005709107625059119,0.004673260704547792,0.0010358469205113269,False
all,gold in Bands B+C,gamma_Co_in_Cu,0.0027622824221549026,0.004595860326221881,0.0,False
all,gold in Bands B+C,gamma_Co_in_Fe,0.004002512828314606,0.00536434947877471,0.0,False
all,gold in Bands B+C,gamma_Ga_in_Cu,0.004658058740462766,0.004670876358357654,0.0,False
all,gold in Bands B+C,gamma_Ga_in_Fe,0.004470529369008441,0.005203621487202814,0.0,False
all,gold in Bands B+C,gamma_In_in_Cu,0.003436084190241868,0.00482432443256967,0.0,False
all,gold in Bands B+C,gamma_In_in_Fe,0.004295958687550537,0.005039698124321759,0.0,False
all,gold in Bands B+C,gamma_Mn_in_Cu,0.005223732083082028,0.004859652466382148,0.0003640796166998802,False
all,gold in Bands B+C,gamma_Mn_in_Fe,0.004373486234071676,0.004851234484248157,0.0,False
all,gold in Bands B+C,gamma_Mn_in_Ni,0.0037105130720039817,0.004914256977519592,0.0,False
all,gold in Bands B+C,gamma_Pd_in_Cu,0.005903720416785117,0.005214964922760428,0.0006887554940246893,False
all,gold in Bands B+C,gamma_Pd_in_Fe,0.003107830968232368,0.004840227388542934,0.0,False
all,gold in Bands B+C,gamma_Pd_in_Ni,0.0031455740031075935,0.004945226040203307,0.0,False
all,gold in Bands B+C,gamma_Pt_in_Cu,0.0028877075732360886,0.004882226659480799,0.0,False
all,gold in Bands B+C,gamma_Pt_in_Fe,0.004435373159429192,0.004825027653234315,0.0,False
all,gold in Bands B+C,gamma_Pt_in_Ni,0.0027896611066005397,0.004821384500456881,0.0,False
all,gold in Bands B+C,gamma_Sb_in_Cu,0.004500812923310436,0.004741602845869323,0.0,False
all,gold in Bands B+C,gamma_Sb_in_Fe,0.006678848052601127,0.004902061915662956,0.0017767861369381707,False
all,gold in Bands B+C,gamma_Sn_in_Cu,0.004759957498370454,0.004793129400010523,0.0,False
all,gold in Bands B+C,gamma_Sn_in_Fe,0.00432486861767791,0.005066279174150591,0.0,False
all,gold half-condensation T,mass_fines,0.014245621924268244,0.004869153652567166,0.009376468271701077,True
all,gold half-condensation T,mass_plastics,0.01069969120320582,0.004334025468610653,0.006365665734595166,True
all,gold half-condensation T,mass_paper,0.006759555403808724,0.004531420887676166,0.0022281345161325582,True
all,gold half-condensation T,mass_glass,0.004604409937685297,0.004801892657489688,0.0,False
all,gold half-condensation T,mass_ferrous,0.00617790719064082,0.004934589780586772,0.0012433174100540479,False
all,gold half-condensation T,mass_nonferrous,0.0026811464986377137,0.005047061293792444,0.0,False
all,gold half-condensation T,mass_ewaste,0.006181117604909299,0.0044831351306171136,0.0016979824742921852,True
all,gold half-condensation T,mass_batteries,0.005527657493630708,0.004903074213851215,0.0006245832797794936,False
all,gold half-condensation T,mass_other,0.0034715279623140174,0.0046090227960815825,0.0,False
all,gold half-condensation T,trace_Au,0.005619576723212388,0.005197246726194131,0.00042232999701825695,False
all,gold half-condensation T,trace_Ag,0.00672435349297015,0.004510989698625458,0.002213363794344692,False
all,gold half-condensation T,trace_Pd,0.00481393171099648,0.005179347258570934,0.0,False
all,gold half-condensation T,trace_Pt,0.0025894525612854004,0.004675827574394592,0.0,False
all,gold half-condensation T,trace_Sn,0.005233144226790872,0.004545971949540399,0.0006871722772504732,False
all,gold half-condensation T,trace_Sb,0.00562588490563466,0.004115179413156548,0.0015107054924781123,False
all,gold half-condensation T,trace_Cd,0.003475470576327937,0.004671597712788229,0.0,False
all,gold half-condensation T,trace_Co,0.003243363257022725,0.004756158334928214,0.0,False
all,gold half-condensation T,trace_Mn,0.004303081580907114,0.004972771181158722,0.0,False
all,gold half-condensation T,trace_Bi,0.005798402430272337,0.004786722041994698,0.0010116803882776393,False
all,gold half-condensation T,trace_In,0.006594979430256227,0.004656756587178687,0.00193822284307754,False
all,gold half-condensation T,trace_Ga,0.0036903993631439264,0.004773069332895065,0.0,False
all,gold half-condensation T,trace_Nd,0.004752314286264643,0.004973714592369194,0.0,False
all,gold half-condensation T,trace_W,0.004745386550211611,0.004961644561180865,0.0,False
all,gold half-condensation T,hg_ppm,0.006518211103099469,0.004365690291448166,0.0021525208116513032,True
all,gold half-condensation T,pretreat,0.024491856192815905,0.005124460439191432,0.01936739575362447,True
all,gold half-condensation T,pressure,0.8411807126658541,0.0001675566397957604,0.8410131560260584,True
all,gold half-condensation T,chloride_data,0.0003877150540170633,0.0005368059083316605,0.0,False
all,gold half-condensation T,gamma_Ag_in_Cu,0.004864453493432,0.004517827317786743,0.0003466261756452562,False
all,gold half-condensation T,gamma_Ag_in_Fe,0.0038079455838160884,0.005076968837240896,0.0,False
all,gold half-condensation T,gamma_Ag_in_Ni,0.004744147442950094,0.004639645642358274,0.00010450180059182017,False
all,gold half-condensation T,gamma_Au_in_Cu,0.004803230330101554,0.004566065200247054,0.00023716512985449967,False
all,gold half-condensation T,gamma_Au_in_Fe,0.12438282601841381,0.005231003950611888,0.11915182206780192,True
all,gold half-condensation T,gamma_Au_in_Ni,0.004073734091411647,0.0049567050290519965,0.0,False
all,gold half-condensation T,gamma_Bi_in_Cu,0.0070802588923124556,0.004849113908764984,0.0022311449835474718,False
all,gold half-condensation T,gamma_Bi_in_Fe,0.0044679391697463175,0.004692411898628861,0.0,False
all,gold half-condensation T,gamma_Cd_in_Cu,0.00386640891733679,0.004360170631828678,0.0,False
all,gold half-condensation T,gamma_Cd_in_Fe,0.006032650025756534,0.005070745139404636,0.0009619048863518977,False
all,gold half-condensation T,gamma_Co_in_Cu,0.0030580603983684793,0.00479805424113185,0.0,False
all,gold half-condensation T,gamma_Co_in_Fe,0.0042559391819120985,0.004793241435882001,0.0,False
all,gold half-condensation T,gamma_Ga_in_Cu,0.0048035682684456045,0.004466595864828718,0.00033697240361688693,False
all,gold half-condensation T,gamma_Ga_in_Fe,0.00644307614460562,0.005053149816291084,0.0013899263283145358,False
all,gold half-condensation T,gamma_In_in_Cu,0.002968281444965783,0.004514028327569044,0.0,False
all,gold half-condensation T,gamma_In_in_Fe,0.005862441746469869,0.004885690102202693,0.0009767516442671757,False
all,gold half-condensation T,gamma_Mn_in_Cu,0.003915015715822691,0.005465479654478319,0.0,False
all,gold half-condensation T,gamma_Mn_in_Fe,0.004128536426205137,0.005118284615953912,0.0,False
all,gold half-condensation T,gamma_Mn_in_Ni,0.004210711766866701,0.0052307251514780466,0.0,False
all,gold half-condensation T,gamma_Pd_in_Cu,0.004060329203764318,0.004771894997149491,0.0,False
all,gold half-condensation T,gamma_Pd_in_Fe,0.003938502430734186,0.004431326366321335,0.0,False
all,gold half-condensation T,gamma_Pd_in_Ni,0.003212047637140731,0.004730334213137038,0.0,False
all,gold half-condensation T,gamma_Pt_in_Cu,0.0017147554807685488,0.0045751839032306795,0.0,False
all,gold half-condensation T,gamma_Pt_in_Fe,0.003719518383789593,0.004297609795886366,0.0,False
all,gold half-condensation T,gamma_Pt_in_Ni,0.004037518365540923,0.004745088038007701,0.0,False
all,gold half-condensation T,gamma_Sb_in_Cu,0.006532066575205531,0.004704332673715234,0.0018277339014902971,True
all,gold half-condensation T,gamma_Sb_in_Fe,0.0064594098312347175,0.004607783688820065,0.0018516261424146524,False
all,gold half-condensation T,gamma_Sn_in_Cu,0.005655961418255137,0.0051774012969397765,0.0004785601213153608,False
all,gold half-condensation T,gamma_Sn_in_Fe,0.003743962590675899,0.0039970192711593616,0.0,False
all,mercury left in gas,mass_fines,0.017457711993536653,0.0047343456150270545,0.012723366378509599,True
all,mercury left in gas,mass_plastics,0.02854924760762566,0.004802887842661807,0.023746359764963854,True
all,mercury left in gas,mass_paper,0.0038008749549856523,0.004639487831704037,0.0,False
all,mercury left in gas,mass_glass,0.004557336516528234,0.004419149592701982,0.00013818692382625182,False
all,mercury left in gas,mass_ferrous,0.003972615036992531,0.005254341918923053,0.0,False
all,mercury left in gas,mass_nonferrous,0.004139103738142374,0.0045189022556801255,0.0,False
all,mercury left in gas,mass_ewaste,0.0038931403915698957,0.005758095946146819,0.0,False
all,mercury left in gas,mass_batteries,0.003178898929637766,0.004862892272873421,0.0,False
all,mercury left in gas,mass_other,0.0037302615142011655,0.004796029581412454,0.0,False
all,mercury left in gas,trace_Au,0.005167485958765554,0.004840038502218922,0.0003274474565466319,False
all,mercury left in gas,trace_Ag,0.004995194680841927,0.004935739137686411,5.945554315551615e-05,False
all,mercury left in gas,trace_Pd,0.004524939337675721,0.004916752811723491,0.0,False
all,mercury left in gas,trace_Pt,0.002664815523844978,0.004681593069622493,0.0,False
all,mercury left in gas,trace_Sn,0.00675605695950937,0.0046712232071139045,0.0020848337523954657,False
all,mercury left in gas,trace_Sb,0.0052533657654469795,0.005407759170400884,0.0,False
all,mercury left in gas,trace_Cd,0.004628781014509253,0.004941254426079364,0.0,False
all,mercury left in gas,trace_Co,0.0036090647790352846,0.004628481694591303,0.0,False
all,mercury left in gas,trace_Mn,0.007317636199272366,0.0045923841125986384,0.0027252520866737273,True
all,mercury left in gas,trace_Bi,0.00445151109794798,0.005000459453440688,0.0,False
all,mercury left in gas,trace_In,0.005852663347180999,0.005091512241029322,0.0007611511061516776,False
all,mercury left in gas,trace_Ga,0.0047103497312325215,0.004901919787685556,0.0,False
all,mercury left in gas,trace_Nd,0.0038006402935055936,0.004760401094058576,0.0,False
all,mercury left in gas,trace_W,0.006066985354701789,0.005043731277997564,0.001023254076704225,False
all,mercury left in gas,hg_ppm,0.08156407517285362,0.0044836856408397964,0.07708038953201382,True
all,mercury left in gas,pretreat,0.005177315826969267,0.004785872092077619,0.0003914437348916484,False
all,mercury left in gas,pressure,0.7799587278598399,0.0005315517801259631,0.7794271760797139,True
all,mercury left in gas,chloride_data,0.00015979146176788345,0.0003087416500959612,0.0,False
all,mercury left in gas,gamma_Ag_in_Cu,0.004942936933332367,0.005023403857011304,0.0,False
all,mercury left in gas,gamma_Ag_in_Fe,0.003700635757051186,0.004940567210037795,0.0,False
all,mercury left in gas,gamma_Ag_in_Ni,0.0034645982300094613,0.004890631569046792,0.0,False
all,mercury left in gas,gamma_Au_in_Cu,0.003932414884446533,0.005076153163503475,0.0,False
all,mercury left in gas,gamma_Au_in_Fe,0.0044255948174402905,0.004453859074257121,0.0,False
all,mercury left in gas,gamma_Au_in_Ni,0.0033284986754121173,0.004708899031339203,0.0,False
all,mercury left in gas,gamma_Bi_in_Cu,0.0074260588684337565,0.004984513507913967,0.002441545360519789,True
all,mercury left in gas,gamma_Bi_in_Fe,0.005609126615112596,0.0048239184451685695,0.0007852081699440266,False
all,mercury left in gas,gamma_Cd_in_Cu,0.004510072953233286,0.004870590652401143,0.0,False
all,mercury left in gas,gamma_Cd_in_Fe,0.005111914041370351,0.005421965118340219,0.0,False
all,mercury left in gas,gamma_Co_in_Cu,0.006262371678507612,0.005009899389032702,0.0012524722894749103,False
all,mercury left in gas,gamma_Co_in_Fe,0.00470076745752441,0.005032050497303807,0.0,False
all,mercury left in gas,gamma_Ga_in_Cu,0.006366645831151361,0.004759484003120972,0.0016071618280303892,False
all,mercury left in gas,gamma_Ga_in_Fe,0.008106130970715723,0.004534855696117333,0.0035712752745983897,True
all,mercury left in gas,gamma_In_in_Cu,0.003328963300910293,0.005059552872772035,0.0,False
all,mercury left in gas,gamma_In_in_Fe,0.006061239581388424,0.004682889046138333,0.0013783505352500912,False
all,mercury left in gas,gamma_Mn_in_Cu,0.0038239760860653144,0.004296642494776208,0.0,False
all,mercury left in gas,gamma_Mn_in_Fe,0.004196989521171944,0.004824278194427604,0.0,False
all,mercury left in gas,gamma_Mn_in_Ni,0.004400084969969756,0.0047191367413114745,0.0,False
all,mercury left in gas,gamma_Pd_in_Cu,0.002682569907984142,0.004872234225935676,0.0,False
all,mercury left in gas,gamma_Pd_in_Fe,0.003188832927456294,0.0048366346569715165,0.0,False
all,mercury left in gas,gamma_Pd_in_Ni,0.0027975291333906826,0.005018273679110331,0.0,False
all,mercury left in gas,gamma_Pt_in_Cu,0.0015474480134029147,0.0052842266161896275,0.0,False
all,mercury left in gas,gamma_Pt_in_Fe,0.00476211179593687,0.005019894199712251,0.0,False
all,mercury left in gas,gamma_Pt_in_Ni,0.002957935294086986,0.004636021578458613,0.0,False
all,mercury left in gas,gamma_Sb_in_Cu,0.009169418502194849,0.004505118330906279,0.00466430017128857,True
all,mercury left in gas,gamma_Sb_in_Fe,0.008456913391135107,0.004873502931106856,0.003583410460028251,True
all,mercury left in gas,gamma_Sn_in_Cu,0.00479210246311377,0.004615056466877275,0.00017704599623649502,False
all,mercury left in gas,gamma_Sn_in_Fe,0.005040848821698656,0.0046105934961999115,0.0004302553254987443,False
all,cadmium in gold bands,mass_fines,0.0037601781771424126,0.004356053273120665,0.0,False
all,cadmium in gold bands,mass_plastics,0.01896693046195742,0.00495363832287733,0.014013292139080091,True
all,cadmium in gold bands,mass_paper,0.009783159717141731,0.004583893902340485,0.005199265814801246,True
all,cadmium in gold bands,mass_glass,0.0034583002671172308,0.005281908287735686,0.0,False
all,cadmium in gold bands,mass_ferrous,0.007316724582071369,0.004853948648831815,0.0024627759332395537,True
all,cadmium in gold bands,mass_nonferrous,0.015586770530998358,0.004665083585546117,0.01092168694545224,True
all,cadmium in gold bands,mass_ewaste,0.005560479590503952,0.0050152620113726575,0.0005452175791312948,False
all,cadmium in gold bands,mass_batteries,0.00411056866273856,0.00504930705000795,0.0,False
all,cadmium in gold bands,mass_other,0.003068610036699781,0.0045934650822875905,0.0,False
all,cadmium in gold bands,trace_Au,0.004501640377209529,0.005014734696642301,0.0,False
all,cadmium in gold bands,trace_Ag,0.004834546629687007,0.005563925528647976,0.0,False
all,cadmium in gold bands,trace_Pd,0.004429775218867751,0.004844945013468884,0.0,False
all,cadmium in gold bands,trace_Pt,0.004482782768737779,0.004380035013335839,0.00010274775540194004,False
all,cadmium in gold bands,trace_Sn,0.006526937498780122,0.0045000370495104965,0.0020269004492696257,False
all,cadmium in gold bands,trace_Sb,0.004814381192218076,0.004824591696301961,0.0,False
all,cadmium in gold bands,trace_Cd,0.007476448468094976,0.00455297650494392,0.002923471963151056,True
all,cadmium in gold bands,trace_Co,0.002862708127093143,0.005117149849451299,0.0,False
all,cadmium in gold bands,trace_Mn,0.0037629623530535286,0.004684636136763065,0.0,False
all,cadmium in gold bands,trace_Bi,0.005726579276497568,0.004895906854317104,0.0008306724221804635,False
all,cadmium in gold bands,trace_In,0.0070762609322645685,0.004569524511478526,0.002506736420786042,True
all,cadmium in gold bands,trace_Ga,0.004009426773338938,0.004470203401044805,0.0,False
all,cadmium in gold bands,trace_Nd,0.003180726754227427,0.005049848628568135,0.0,False
all,cadmium in gold bands,trace_W,0.0052970286507511444,0.00501403197610319,0.00028299667464795446,False
all,cadmium in gold bands,hg_ppm,0.006828331496418905,0.0048890294889946066,0.0019393020074242985,False
all,cadmium in gold bands,pretreat,0.33707985823589826,0.004609215349271226,0.33247064288662703,True
all,cadmium in gold bands,pressure,0.18768527996848638,0.0005408089887969004,0.18714447097968948,True
all,cadmium in gold bands,chloride_data,0.0015153993191695044,0.0003865230277486706,0.0011288762914208337,True
all,cadmium in gold bands,gamma_Ag_in_Cu,0.002242445391907002,0.004568038858890033,0.0,False
all,cadmium in gold bands,gamma_Ag_in_Fe,0.0028539894374407905,0.004908714193197398,0.0,False
all,cadmium in gold bands,gamma_Ag_in_Ni,0.004221959536007814,0.005177302494155175,0.0,False
all,cadmium in gold bands,gamma_Au_in_Cu,0.0031942587280968937,0.004605469726743713,0.0,False
all,cadmium in gold bands,gamma_Au_in_Fe,0.02703313924177038,0.004458980162924275,0.022574159078846103,True
all,cadmium in gold bands,gamma_Au_in_Ni,0.006405227112614732,0.005454662782629726,0.0009505643299850064,False
all,cadmium in gold bands,gamma_Bi_in_Cu,0.002362149412758924,0.005006995601428649,0.0,False
all,cadmium in gold bands,gamma_Bi_in_Fe,0.0052505349642830825,0.004759601440088796,0.0004909335241942868,False
all,cadmium in gold bands,gamma_Cd_in_Cu,0.014844122200854508,0.0050976215123440475,0.00974650068851046,True
all,cadmium in gold bands,gamma_Cd_in_Fe,0.007187101123388073,0.004911886755232229,0.0022752143681558437,False
all,cadmium in gold bands,gamma_Co_in_Cu,0.005912765855813462,0.004567995207317357,0.0013447706484961052,False
all,cadmium in gold bands,gamma_Co_in_Fe,0.004555061522164195,0.004830710839053242,0.0,False
all,cadmium in gold bands,gamma_Ga_in_Cu,0.004259530977575707,0.005039175199165904,0.0,False
all,cadmium in gold bands,gamma_Ga_in_Fe,0.006708233214804758,0.005278816131774744,0.001429417083030014,False
all,cadmium in gold bands,gamma_In_in_Cu,0.006471076855342371,0.005177968716630281,0.0012931081387120898,False
all,cadmium in gold bands,gamma_In_in_Fe,0.004166171596987416,0.004568933728281726,0.0,False
all,cadmium in gold bands,gamma_Mn_in_Cu,0.004840749953329088,0.004892346187458985,0.0,False
all,cadmium in gold bands,gamma_Mn_in_Fe,0.0033100419656754126,0.004726149436817992,0.0,False
all,cadmium in gold bands,gamma_Mn_in_Ni,0.003189335748366839,0.0052858819345100545,0.0,False
all,cadmium in gold bands,gamma_Pd_in_Cu,0.002593336677870174,0.005732640169975548,0.0,False
all,cadmium in gold bands,gamma_Pd_in_Fe,0.003889832115080311,0.004265145129802832,0.0,False
all,cadmium in gold bands,gamma_Pd_in_Ni,0.005781919781436818,0.004838972240669786,0.0009429475407670323,False
all,cadmium in gold bands,gamma_Pt_in_Cu,0.006246723272452605,0.004761496483292762,0.0014852267891598426,False
all,cadmium in gold bands,gamma_Pt_in_Fe,0.0043225978473224345,0.004894858760404448,0.0,False
all,cadmium in gold bands,gamma_Pt_in_Ni,0.0043877508240224425,0.005603508425790628,0.0,False
all,cadmium in gold bands,gamma_Sb_in_Cu,0.004742522597162222,0.004985110765275971,0.0,False
all,cadmium in gold bands,gamma_Sb_in_Fe,0.003951332144446969,0.00458883485730643,0.0,False
all,cadmium in gold bands,gamma_Sn_in_Cu,0.005236728773362517,0.004484931713249851,0.0007517970601126659,False
all,cadmium in gold bands,gamma_Sn_in_Fe,0.005264020987506972,0.005529004613781646,0.0,False
1 atm,gold in Band B,mass_fines,0.042049031593852114,0.015048178488903954,0.02700085310494816,True
1 atm,gold in Band B,mass_plastics,0.03291581391242154,0.014284195577355625,0.01863161833506592,True
1 atm,gold in Band B,mass_paper,0.024631315508193762,0.016399861450998594,0.008231454057195168,True
1 atm,gold in Band B,mass_glass,0.013386646639843172,0.014964677945067761,0.0,False
1 atm,gold in Band B,mass_ferrous,0.020049874548446964,0.01578186266723302,0.004268011881213944,False
1 atm,gold in Band B,mass_nonferrous,0.014194804084807033,0.013176087900015959,0.0010187161847910742,False
1 atm,gold in Band B,mass_ewaste,0.014557332722091317,0.01504303134947269,0.0,False
1 atm,gold in Band B,mass_batteries,0.013968193406032671,0.013034928205621393,0.0009332652004112787,False
1 atm,gold in Band B,mass_other,0.016291029840580534,0.01596388137700827,0.00032714846357226324,False
1 atm,gold in Band B,trace_Au,0.011079439762644796,0.016140077229948008,0.0,False
1 atm,gold in Band B,trace_Ag,0.013009218329583992,0.012434940071408388,0.0005742782581756034,False
1 atm,gold in Band B,trace_Pd,0.006759166904235558,0.013790396431377066,0.0,False
1 atm,gold in Band B,trace_Pt,0.01592994129808727,0.016352702283664113,0.0,False
1 atm,gold in Band B,trace_Sn,0.007368250727906339,0.013785411626524715,0.0,False
1 atm,gold in Band B,trace_Sb,0.010132406314659751,0.016561223599042454,0.0,False
1 atm,gold in Band B,trace_Cd,0.017462342562192566,0.01665279493418591,0.0008095476280066544,False
1 atm,gold in Band B,trace_Co,0.01351203731484493,0.015179383274004431,0.0,False
1 atm,gold in Band B,trace_Mn,0.01184265653463821,0.013128353593088985,0.0,False
1 atm,gold in Band B,trace_Bi,0.013748848052369646,0.015240518059228988,0.0,False
1 atm,gold in Band B,trace_In,0.014132927592874269,0.016399268326394715,0.0,False
1 atm,gold in Band B,trace_Ga,0.012727203637343362,0.013745910100509923,0.0,False
1 atm,gold in Band B,trace_Nd,0.02210237723463645,0.015368591044814453,0.006733786189821995,True
1 atm,gold in Band B,trace_W,0.018178519256215213,0.01522096584596517,0.002957553410250042,False
1 atm,gold in Band B,hg_ppm,0.024462025050061648,0.014711668045757017,0.00975035700430463,True
1 atm,gold in Band B,pretreat,0.07425760411091817,0.013699949314984994,0.060557654795933176,True
1 atm,gold in Band B,chloride_data,0.0003103152378441236,0.0009980014720582734,0.0,False
1 atm,gold in Band B,gamma_Ag_in_Cu,0.013172928885849724,0.014998728818896667,0.0,False
1 atm,gold in Band B,gamma_Ag_in_Fe,0.01514967518733865,0.015538085999597339,0.0,False
1 atm,gold in Band B,gamma_Ag_in_Ni,0.015809661418570386,0.015964773705422437,0.0,False
1 atm,gold in Band B,gamma_Au_in_Cu,0.006884874107099692,0.015450570249352601,0.0,False
1 atm,gold in Band B,gamma_Au_in_Fe,0.8709591608260185,0.01438065982335831,0.8565785010026602,True
1 atm,gold in Band B,gamma_Au_in_Ni,0.020930981688927677,0.014965516172399954,0.005965465516527723,False
1 atm,gold in Band B,gamma_Bi_in_Cu,0.013510400803456557,0.014128227214708935,0.0,False
1 atm,gold in Band B,gamma_Bi_in_Fe,0.02036641181080647,0.013420564240423007,0.006945847570383464,False
1 atm,gold in Band B,gamma_Cd_in_Cu,0.01596608036820142,0.01526769665390382,0.0006983837142976006,False
1 atm,gold in Band B,gamma_Cd_in_Fe,0.012301725135987127,0.013637201634248012,0.0,False
1 atm,gold in Band B,gamma_Co_in_Cu,0.02319432386917825,0.013933336333571179,0.009260987535607071,True
1 atm,gold in Band B,gamma_Co_in_Fe,0.01335448559747595,0.013502986284092541,0.0,False
1 atm,gold in Band B,gamma_Ga_in_Cu,0.015290713199675761,0.013734997741644606,0.0015557154580311556,False
1 atm,gold in Band B,gamma_Ga_in_Fe,0.012832111604992787,0.016488209160984625,0.0,False
1 atm,gold in Band B,gamma_In_in_Cu,0.019691186036606294,0.015354695055971455,0.004336490980634839,False
1 atm,gold in Band B,gamma_In_in_Fe,0.01264279135080084,0.01427763269725292,0.0,False
1 atm,gold in Band B,gamma_Mn_in_Cu,0.015239337564958192,0.01468650950134929,0.0005528280636089011,False
1 atm,gold in Band B,gamma_Mn_in_Fe,0.010890586084487971,0.014549685097617431,0.0,False
1 atm,gold in Band B,gamma_Mn_in_Ni,0.013926137544690081,0.015790751340595557,0.0,False
1 atm,gold in Band B,gamma_Pd_in_Cu,0.014625640819737992,0.015393417058544537,0.0,False
1 atm,gold in Band B,gamma_Pd_in_Fe,0.014260727931133846,0.013851890770018818,0.000408837161115028,False
1 atm,gold in Band B,gamma_Pd_in_Ni,0.013348684603368535,0.01426210301012055,0.0,False
1 atm,gold in Band B,gamma_Pt_in_Cu,0.018443995096928026,0.013802128779541345,0.004641866317386681,True
1 atm,gold in Band B,gamma_Pt_in_Fe,0.02007838038327779,0.015012358145729099,0.005066022237548692,False
1 atm,gold in Band B,gamma_Pt_in_Ni,0.015975551302045355,0.014671967000511984,0.0013035843015333712,False
1 atm,gold in Band B,gamma_Sb_in_Cu,0.008738960977174226,0.015067482376563848,0.0,False
1 atm,gold in Band B,gamma_Sb_in_Fe,0.010666727774308993,0.014197829266011652,0.0,False
1 atm,gold in Band B,gamma_Sn_in_Cu,0.01333963088284672,0.012734781061712655,0.0006048498211340646,False
1 atm,gold in Band B,gamma_Sn_in_Fe,0.009241925982586649,0.016327522908069235,0.0,False
1 atm,gold in Bands B+C,mass_fines,0.10116744198068056,0.013942855017103937,0.08722458696357663,True
1 atm,gold in Bands B+C,mass_plastics,0.08601002639242991,0.014434538875175618,0.07157548751725429,True
1 atm,gold in Bands B+C,mass_paper,0.023524015657565227,0.014138751338345464,0.009385264319219763,True
1 atm,gold in Bands B+C,mass_glass,0.022382832877143297,0.012943118493187406,0.009439714383955891,True
1 atm,gold in Bands B+C,mass_ferrous,0.011031769095762534,0.016298606463064948,0.0,False
1 atm,gold in Bands B+C,mass_nonferrous,0.011672323130683783,0.014304178616912036,0.0,False
1 atm,gold in Bands B+C,mass_ewaste,0.01870669611673826,0.015694820623978038,0.003011875492760222,False
1 atm,gold in Bands B+C,mass_batteries,0.0155685844265514,0.013592766607735706,0.0019758178188156936,False
1 atm,gold in Bands B+C,mass_other,0.010348084729344129,0.014787362216332173,0.0,False
1 atm,gold in Bands B+C,trace_Au,0.009466742514912004,0.014307593588837686,0.0,False
1 atm,gold in Bands B+C,trace_Ag,0.017923263059206128,0.014373687344516684,0.003549575714689444,False
1 atm,gold in Bands B+C,trace_Pd,0.011728985452382037,0.014425635922374455,0.0,False
1 atm,gold in Bands B+C,trace_Pt,0.012683602825335406,0.014263471249092705,0.0,False
1 atm,gold in Bands B+C,trace_Sn,0.011996326893573902,0.015781565694303938,0.0,False
1 atm,gold in Bands B+C,trace_Sb,0.0074951789204719,0.013808180125153502,0.0,False
1 atm,gold in Bands B+C,trace_Cd,0.011997511293289832,0.013523217791765399,0.0,False
1 atm,gold in Bands B+C,trace_Co,0.023797726585382317,0.015236338226067287,0.00856138835931503,True
1 atm,gold in Bands B+C,trace_Mn,0.017605830475714915,0.016478618463906188,0.0011272120118087266,False
1 atm,gold in Bands B+C,trace_Bi,0.014044371956376155,0.015210420599741255,0.0,False
1 atm,gold in Bands B+C,trace_In,0.010328267147806458,0.014726625478951153,0.0,False
1 atm,gold in Bands B+C,trace_Ga,0.013574720647305956,0.014002220636169932,0.0,False
1 atm,gold in Bands B+C,trace_Nd,0.008930356993240086,0.014507037178144375,0.0,False
1 atm,gold in Bands B+C,trace_W,0.011494253095275825,0.013334357608672381,0.0,False
1 atm,gold in Bands B+C,hg_ppm,0.011438849637040513,0.014550943517227941,0.0,False
1 atm,gold in Bands B+C,pretreat,0.052783350233403456,0.014425405824922174,0.03835794440848128,True
1 atm,gold in Bands B+C,chloride_data,0.00019148633383673193,0.0014572584499247404,0.0,False
1 atm,gold in Bands B+C,gamma_Ag_in_Cu,0.017898053671544636,0.016183686140446376,0.0017143675310982605,False
1 atm,gold in Bands B+C,gamma_Ag_in_Fe,0.013370318258107479,0.014337635848860058,0.0,False
1 atm,gold in Bands B+C,gamma_Ag_in_Ni,0.015082075496841377,0.013636808067277262,0.0014452674295641153,False
1 atm,gold in Bands B+C,gamma_Au_in_Cu,0.008999283020168803,0.014239740034121212,0.0,False
1 atm,gold in Bands B+C,gamma_Au_in_Fe,0.024002009671717263,0.012638090499488521,0.011363919172228742,True
1 atm,gold in Bands B+C,gamma_Au_in_Ni,0.008803395576123621,0.01534198768656668,0.0,False
1 atm,gold in Bands B+C,gamma_Bi_in_Cu,0.013382335469791425,0.015053841490989211,0.0,False
1 atm,gold in Bands B+C,gamma_Bi_in_Fe,0.018692675125230967,0.014667292567120368,0.004025382558110599,False
1 atm,gold in Bands B+C,gamma_Cd_in_Cu,0.011908317728978317,0.013040025097388414,0.0,False
1 atm,gold in Bands B+C,gamma_Cd_in_Fe,0.012187992497143077,0.01374689868602454,0.0,False
1 atm,gold in Bands B+C,gamma_Co_in_Cu,0.013130940483697588,0.014539078634013155,0.0,False
1 atm,gold in Bands B+C,gamma_Co_in_Fe,0.008603117811976951,0.014865967525261056,0.0,False
1 atm,gold in Bands B+C,gamma_Ga_in_Cu,0.023571346027128938,0.016898675977529278,0.00667267004959966,True
1 atm,gold in Bands B+C,gamma_Ga_in_Fe,0.021973238291384947,0.012537021391702588,0.009436216899682359,True
1 atm,gold in Bands B+C,gamma_In_in_Cu,0.012673268053265522,0.014362390187556917,0.0,False
1 atm,gold in Bands B+C,gamma_In_in_Fe,0.017711269934668466,0.015925236926497565,0.0017860330081709008,False
1 atm,gold in Bands B+C,gamma_Mn_in_Cu,0.013442435967222874,0.013069153993648983,0.00037328197357389126,False
1 atm,gold in Bands B+C,gamma_Mn_in_Fe,0.01664571520386193,0.015581175455834307,0.0010645397480276222,False
1 atm,gold in Bands B+C,gamma_Mn_in_Ni,0.018789791059695592,0.014391648437923607,0.004398142621771985,True
1 atm,gold in Bands B+C,gamma_Pd_in_Cu,0.017507969833987266,0.01626523095740511,0.0012427388765821577,False
1 atm,gold in Bands B+C,gamma_Pd_in_Fe,0.014501511407378981,0.015606332906643436,0.0,False
1 atm,gold in Bands B+C,gamma_Pd_in_Ni,0.014463685742172334,0.01535084286189362,0.0,False
1 atm,gold in Bands B+C,gamma_Pt_in_Cu,0.009339397596788016,0.013377873496301405,0.0,False
1 atm,gold in Bands B+C,gamma_Pt_in_Fe,0.011715382140788587,0.013646727992841515,0.0,False
1 atm,gold in Bands B+C,gamma_Pt_in_Ni,0.015271442807665783,0.015158915680953833,0.00011252712671194938,False
1 atm,gold in Bands B+C,gamma_Sb_in_Cu,0.015807964403770133,0.014704394093475187,0.0011035703102949459,False
1 atm,gold in Bands B+C,gamma_Sb_in_Fe,0.008033375169625006,0.013766897183253569,0.0,False
1 atm,gold in Bands B+C,gamma_Sn_in_Cu,0.010480758343373982,0.015786947347033266,0.0,False
1 atm,gold in Bands B+C,gamma_Sn_in_Fe,0.014193394526501086,0.014000147110089678,0.00019324741641140765,False
1 atm,gold half-condensation T,mass_fines,0.054114948930140246,0.015331332490762661,0.03878361643937758,True
1 atm,gold half-condensation T,mass_plastics,0.0508449309278248,0.013442035532446023,0.03740289539537878,True
1 atm,gold half-condensation T,mass_paper,0.02783778606477216,0.013451973558762828,0.014385812506009331,True
1 atm,gold half-condensation T,mass_glass,0.013853098339746364,0.014836184313708912,0.0,False
1 atm,gold half-condensation T,mass_ferrous,0.020683225702877516,0.014847939796299591,0.005835285906577925,False
1 atm,gold half-condensation T,mass_nonferrous,0.010915114493800915,0.015039786192735896,0.0,False
1 atm,gold half-condensation T,mass_ewaste,0.013078403948610253,0.015232521339907743,0.0,False
1 atm,gold half-condensation T,mass_batteries,0.013375394819399516,0.01358946290774623,0.0,False
1 atm,gold half-condensation T,mass_other,0.016379274854749035,0.015983460164508766,0.000395814690240269,False
1 atm,gold half-condensation T,trace_Au,0.013389837018851913,0.015299839335587118,0.0,False
1 atm,gold half-condensation T,trace_Ag,0.012866916355820214,0.016330282470452945,0.0,False
1 atm,gold half-condensation T,trace_Pd,0.0070992359246003925,0.014511235800538511,0.0,False
1 atm,gold half-condensation T,trace_Pt,0.014822616247381293,0.01434298515142606,0.0004796310959552328,False
1 atm,gold half-condensation T,trace_Sn,0.00918041338711186,0.016286993877883935,0.0,False
1 atm,gold half-condensation T,trace_Sb,0.00895426920324471,0.015673164344385974,0.0,False
1 atm,gold half-condensation T,trace_Cd,0.016627774238038316,0.014331149759229797,0.0022966244788085195,False
1 atm,gold half-condensation T,trace_Co,0.014045115274975144,0.015357283622437152,0.0,False
1 atm,gold half-condensation T,trace_Mn,0.012830469779604468,0.01468633236403374,0.0,False
1 atm,gold half-condensation T,trace_Bi,0.017522235586846065,0.014563329067335037,0.0029589065195110287,False
1 atm,gold half-condensation T,trace_In,0.01354624545421637,0.015091486733056084,0.0,False
1 atm,gold half-condensation T,trace_Ga,0.012730173479494138,0.015832304323951857,0.0,False
1 atm,gold half-condensation T,trace_Nd,0.02102578453901036,0.01278723673395643,0.008238547805053929,True
1 atm,gold half-condensation T,trace_W,0.01659165899433363,0.014327135763309138,0.002264523231024494,False
1 atm,gold half-condensation T,hg_ppm,0.024095892096274822,0.015191160322947142,0.00890473177332768,True
1 atm,gold half-condensation T,pretreat,0.11133406610368854,0.014033115191030718,0.09730095091265782,True
1 atm,gold half-condensation T,chloride_data,0.0004925923674247452,0.0011963076831084,0.0,False
1 atm,gold half-condensation T,gamma_Ag_in_Cu,0.014702069683801314,0.015055807094152662,0.0,False
1 atm,gold half-condensation T,gamma_Ag_in_Fe,0.015571622623837017,0.012370747869533915,0.003200874754303102,False
1 atm,gold half-condensation T,gamma_Ag_in_Ni,0.012900283488697956,0.014509171793896125,0.0,False
1 atm,gold half-condensation T,gamma_Au_in_Cu,0.007310996379458346,0.01577254363304662,0.0,False
1 atm,gold half-condensation T,gamma_Au_in_Fe,0.7844682210505126,0.013799591062733537,0.7706686299877791,True
1 atm,gold half-condensation T,gamma_Au_in_Ni,0.023025532164393698,0.01526214831344013,0.0077633838509535685,False
1 atm,gold half-condensation T,gamma_Bi_in_Cu,0.015213179317321366,0.016087243252044255,0.0,False
1 atm,gold half-condensation T,gamma_Bi_in_Fe,0.02241853100414557,0.0145076807975964,0.00791085020654917,False
1 atm,gold half-condensation T,gamma_Cd_in_Cu,0.015519350047681563,0.014177646330381339,0.001341703717300224,False
1 atm,gold half-condensation T,gamma_Cd_in_Fe,0.011825226431218971,0.014545063875409586,0.0,False
1 atm,gold half-condensation T,gamma_Co_in_Cu,0.01905724064010905,0.013608267976763209,0.00544897266334584,True
1 atm,gold half-condensation T,gamma_Co_in_Fe,0.011830527751395797,0.016118970288992302,0.0,False
1 atm,gold half-condensation T,gamma_Ga_in_Cu,0.01641671542849798,0.015438263237153147,0.0009784521913448318,False
1 atm,gold half-condensation T,gamma_Ga_in_Fe,0.015668527638245954,0.015498923398375159,0.00016960423987079538,False
1 atm,gold half-condensation T,gamma_In_in_Cu,0.02112806883418703,0.014732849499570738,0.00639521933461629,True
1 atm,gold half-condensation T,gamma_In_in_Fe,0.01136625294282042,0.01318876691001231,0.0,False
1 atm,gold half-condensation T,gamma_Mn_in_Cu,0.018833045471012753,0.014614187633274208,0.004218857837738545,False
1 atm,gold half-condensation T,gamma_Mn_in_Fe,0.013406364664109055,0.013325367508260152,8.099715584890255e-05,False
1 atm,gold half-condensation T,gamma_Mn_in_Ni,0.014591248703928156,0.01446201733052906,0.00012923137339909685,False
1 atm,gold half-condensation T,gamma_Pd_in_Cu,0.013437568390591093,0.014950748376449621,0.0,False
1 atm,gold half-condensation T,gamma_Pd_in_Fe,0.01487529811663865,0.012418920693118781,0.0024563774235198694,False
1 atm,gold half-condensation T,gamma_Pd_in_Ni,0.014451289953230079,0.01467372418748079,0.0,False
1 atm,gold half-condensation T,gamma_Pt_in_Cu,0.01633405771206417,0.014763112826425829,0.0015709448856383416,False
1 atm,gold half-condensation T,gamma_Pt_in_Fe,0.022246998214158927,0.014946875684099853,0.007300122530059074,True
1 atm,gold half-condensation T,gamma_Pt_in_Ni,0.017292329804471016,0.014513121472329369,0.0027792083321416475,False
1 atm,gold half-condensation T,gamma_Sb_in_Cu,0.01049256809147049,0.01564915638043805,0.0,False
1 atm,gold half-condensation T,gamma_Sb_in_Fe,0.010416946318359597,0.013585430396185233,0.0,False
1 atm,gold half-condensation T,gamma_Sn_in_Cu,0.014612317553601564,0.014499841860187846,0.00011247569341371784,False
1 atm,gold half-condensation T,gamma_Sn_in_Fe,0.009952496098454932,0.015192052971712222,0.0,False
1 atm,mercury left in gas,mass_fines,0.07710765041694351,0.015456721055407682,0.06165092936153582,True
1 atm,mercury left in gas,mass_plastics,0.1807898121942168,0.013922130278298889,0.16686768191591791,True
1 atm,mercury left in gas,mass_paper,0.01567212921742615,0.015483004729179208,0.00018912448824694172,False
1 atm,mercury left in gas,mass_glass,0.016490578523884587,0.01513942231086513,0.0013511562130194572,False
1 atm,mercury left in gas,mass_ferrous,0.016404707535398345,0.014968235233739979,0.001436472301658366,False
1 atm,mercury left in gas,mass_nonferrous,0.011644804000558005,0.01528984774386723,0.0,False
1 atm,mercury left in gas,mass_ewaste,0.012586177263743234,0.014911098295373177,0.0,False
1 atm,mercury left in gas,mass_batteries,0.013112012482203016,0.014358449883317238,0.0,False
1 atm,mercury left in gas,mass_other,0.0171513072434771,0.01455738744596163,0.0025939197975154704,False
1 atm,mercury left in gas,trace_Au,0.009722785224362904,0.014854443593276251,0.0,False
1 atm,mercury left in gas,trace_Ag,0.012091398632560748,0.014752954262250734,0.0,False
1 atm,mercury left in gas,trace_Pd,0.019005071882666067,0.0160355688590042,0.002969503023661866,False
1 atm,mercury left in gas,trace_Pt,0.011018322700012007,0.014437288424869651,0.0,False
1 atm,mercury left in gas,trace_Sn,0.009406008531399333,0.014236049789750094,0.0,False
1 atm,mercury left in gas,trace_Sb,0.010312061532288596,0.014164500118809781,0.0,False
1 atm,mercury left in gas,trace_Cd,0.010188434453579025,0.014573046998697362,0.0,False
1 atm,mercury left in gas,trace_Co,0.013224338509404434,0.014241134754215207,0.0,False
1 atm,mercury left in gas,trace_Mn,0.013191032620285125,0.014934395328946897,0.0,False
1 atm,mercury left in gas,trace_Bi,0.019259052672030014,0.01341494438543786,0.005844108286592153,True
1 atm,mercury left in gas,trace_In,0.016561923783454,0.01657679319253052,0.0,False
1 atm,mercury left in gas,trace_Ga,0.01502443230720647,0.014294129820989909,0.0007303024862165605,False
1 atm,mercury left in gas,trace_Nd,0.009275553455968939,0.015132135189028728,0.0,False
1 atm,mercury left in gas,trace_W,0.016914135802026328,0.016172332015055444,0.0007418037869708835,False
1 atm,mercury left in gas,hg_ppm,0.66294104833814,0.014672906818339413,0.6482681415198006,True
1 atm,mercury left in gas,pretreat,0.02333198804027314,0.01273411901160639,0.01059786902866675,True
1 atm,mercury left in gas,chloride_data,0.0022621802323191955,0.001028563555495594,0.0012336166768236014,False
1 atm,mercury left in gas,gamma_Ag_in_Cu,0.015217536892378272,0.015008579812524233,0.00020895707985403925,False
1 atm,mercury left in gas,gamma_Ag_in_Fe,0.010298482633573119,0.013926777827253895,0.0,False
1 atm,mercury left in gas,gamma_Ag_in_Ni,0.012904311457850766,0.013750938276427472,0.0,False
1 atm,mercury left in gas,gamma_Au_in_Cu,0.012637792827295354,0.015150123454718287,0.0,False
1 atm,mercury left in gas,gamma_Au_in_Fe,0.015556713142084842,0.015677972569141954,0.0,False
1 atm,mercury left in gas,gamma_Au_in_Ni,0.013508259219826131,0.01581468302311895,0.0,False
1 atm,mercury left in gas,gamma_Bi_in_Cu,0.021178963375301115,0.01395196657475625,0.007226996800544866,True
1 atm,mercury left in gas,gamma_Bi_in_Fe,0.0058121450737832125,0.015913076256120463,0.0,False
1 atm,mercury left in gas,gamma_Cd_in_Cu,0.026211803503226945,0.0159707730584574,0.010241030444769546,True
1 atm,mercury left in gas,gamma_Cd_in_Fe,0.01648645838013257,0.01470001211824239,0.0017864462618901802,False
1 atm,mercury left in gas,gamma_Co_in_Cu,0.01890560635373104,0.015346258328952821,0.003559348024778218,False
1 atm,mercury left in gas,gamma_Co_in_Fe,0.01714640035287325,0.015674458250611128,0.0014719421022621228,False
1 atm,mercury left in gas,gamma_Ga_in_Cu,0.017618814193712373,0.015163038069261633,0.0024557761244507394,False
1 atm,mercury left in gas,gamma_Ga_in_Fe,0.019744202083293978,0.014635097173809489,0.005109104909484489,False
1 atm,mercury left in gas,gamma_In_in_Cu,0.017741522736840303,0.01346769334109218,0.004273829395748123,False
1 atm,mercury left in gas,gamma_In_in_Fe,0.01651442761306372,0.015344017481480229,0.0011704101315834908,False
1 atm,mercury left in gas,gamma_Mn_in_Cu,0.00714790857572184,0.015601449427520073,0.0,False
1 atm,mercury left in gas,gamma_Mn_in_Fe,0.010990685695042171,0.015138242109610078,0.0,False
1 atm,mercury left in gas,gamma_Mn_in_Ni,0.011598045293290086,0.014076039457999045,0.0,False
1 atm,mercury left in gas,gamma_Pd_in_Cu,0.005623228315418831,0.014949806504171204,0.0,False
1 atm,mercury left in gas,gamma_Pd_in_Fe,0.012821559963997323,0.014367538295640903,0.0,False
1 atm,mercury left in gas,gamma_Pd_in_Ni,0.012743769038912726,0.016853712691158367,0.0,False
1 atm,mercury left in gas,gamma_Pt_in_Cu,0.012277680415074946,0.013847452705948126,0.0,False
1 atm,mercury left in gas,gamma_Pt_in_Fe,0.022299648838150776,0.017141921304936202,0.005157727533214574,False
1 atm,mercury left in gas,gamma_Pt_in_Ni,0.015374929185634791,0.016357640876398877,0.0,False
1 atm,mercury left in gas,gamma_Sb_in_Cu,0.016759841143548213,0.013726669972285305,0.003033171171262908,False
1 atm,mercury left in gas,gamma_Sb_in_Fe,0.013097631724668445,0.01387454913305929,0.0,False
1 atm,mercury left in gas,gamma_Sn_in_Cu,0.01323530561163192,0.014796475962496891,0.0,False
1 atm,mercury left in gas,gamma_Sn_in_Fe,0.015369645116787456,0.015622461847386342,0.0,False
1 atm,cadmium in gold bands,mass_fines,0.017081475009180013,0.013753528633479251,0.003327946375700762,False
1 atm,cadmium in gold bands,mass_plastics,0.030532193081527208,0.016491363600730745,0.014040829480796463,True
1 atm,cadmium in gold bands,mass_paper,0.01659500830914466,0.01384744161731557,0.0027475666918290887,False
1 atm,cadmium in gold bands,mass_glass,0.01701931478853252,0.01483341422833874,0.0021859005601937813,False
1 atm,cadmium in gold bands,mass_ferrous,0.021536084302921036,0.014727222610193325,0.006808861692727711,True
1 atm,cadmium in gold bands,mass_nonferrous,0.031584255691369925,0.014117978931287042,0.01746627676008288,True
1 atm,cadmium in gold bands,mass_ewaste,0.018868907569463366,0.015624971337303468,0.0032439362321598983,False
1 atm,cadmium in gold bands,mass_batteries,0.012741903353763523,0.0153221147247381,0.0,False
1 atm,cadmium in gold bands,mass_other,0.007658558060530753,0.015131332894141165,0.0,False
1 atm,cadmium in gold bands,trace_Au,0.007880054966587544,0.013915076430393025,0.0,False
1 atm,cadmium in gold bands,trace_Ag,0.010894442213177008,0.014421655250368088,0.0,False
1 atm,cadmium in gold bands,trace_Pd,0.019233644700703243,0.012820318128381265,0.0064133265723219784,False
1 atm,cadmium in gold bands,trace_Pt,0.014983606178962182,0.01584224580331278,0.0,False
1 atm,cadmium in gold bands,trace_Sn,0.014572996851614376,0.016832583944799064,0.0,False
1 atm,cadmium in gold bands,trace_Sb,0.024527551966408087,0.01496603068405497,0.009561521282353116,True
1 atm,cadmium in gold bands,trace_Cd,0.013654642912160852,0.013092724683476711,0.0005619182286841409,False
1 atm,cadmium in gold bands,trace_Co,0.014468880356203332,0.014992991405684872,0.0,False
1 atm,cadmium in gold bands,trace_Mn,0.021284848509248604,0.016734970930167098,0.004549877579081506,False
1 atm,cadmium in gold bands,trace_Bi,0.017819568844874744,0.013554334960991305,0.004265233883883439,False
1 atm,cadmium in gold bands,trace_In,0.018724346646617145,0.01392203781414425,0.004802308832472894,True
1 atm,cadmium in gold bands,trace_Ga,0.01162451240618344,0.014873381305671809,0.0,False
1 atm,cadmium in gold bands,trace_Nd,0.011095458398605288,0.014641050263990759,0.0,False
1 atm,cadmium in gold bands,trace_W,0.017010053755021282,0.013993389467026437,0.0030166642879948455,False
1 atm,cadmium in gold bands,hg_ppm,0.014921061275384567,0.015175843146713719,0.0,False
1 atm,cadmium in gold bands,pretreat,0.7015971446559177,0.014155963642899732,0.687441181013018,True
1 atm,cadmium in gold bands,chloride_data,0.0020096990870279003,0.0011322222152785808,0.0008774768717493195,False
1 atm,cadmium in gold bands,gamma_Ag_in_Cu,0.010211505988376154,0.015373658627392706,0.0,False
1 atm,cadmium in gold bands,gamma_Ag_in_Fe,0.009345339562818546,0.014661552330867234,0.0,False
1 atm,cadmium in gold bands,gamma_Ag_in_Ni,0.015276222920279746,0.015143863721288581,0.00013235919899116412,False
1 atm,cadmium in gold bands,gamma_Au_in_Cu,0.011732537946967398,0.014707299660848393,0.0,False
1 atm,cadmium in gold bands,gamma_Au_in_Fe,0.01609751521995366,0.014699447495882905,0.0013980677240707541,False
1 atm,cadmium in gold bands,gamma_Au_in_Ni,0.013587214477076386,0.015630212090625893,0.0,False
1 atm,cadmium in gold bands,gamma_Bi_in_Cu,0.01664084478579956,0.01408162449003095,0.0025592202957686085,False
1 atm,cadmium in gold bands,gamma_Bi_in_Fe,0.019936727163662783,0.015685253199988224,0.004251473963674559,False
1 atm,cadmium in gold bands,gamma_Cd_in_Cu,0.026911394543489797,0.014082269756265859,0.012829124787223938,True
1 atm,cadmium in gold bands,gamma_Cd_in_Fe,0.014922351507835647,0.014483670240539533,0.00043868126729611386,False
1 atm,cadmium in gold bands,gamma_Co_in_Cu,0.01808667792022189,0.014644079573191433,0.003442598347030458,False
1 atm,cadmium in gold bands,gamma_Co_in_Fe,0.00849746654032534,0.013939800289931647,0.0,False
1 atm,cadmium in gold bands,gamma_Ga_in_Cu,0.007739470450177072,0.01581249656667443,0.0,False
1 atm,cadmium in gold bands,gamma_Ga_in_Fe,0.019885423357739015,0.015377831218294983,0.004507592139444032,False
1 atm,cadmium in gold bands,gamma_In_in_Cu,0.010282597242263578,0.01646140489503608,0.0,False
1 atm,cadmium in gold bands,gamma_In_in_Fe,0.02423328261471781,0.01582251942283291,0.008410763191884899,True
1 atm,cadmium in gold bands,gamma_Mn_in_Cu,0.02503853404123095,0.014483876738251083,0.010554657302979867,True
1 atm,cadmium in gold bands,gamma_Mn_in_Fe,0.01407819858908414,0.014366672224461427,0.0,False
1 atm,cadmium in gold bands,gamma_Mn_in_Ni,0.012818769515062082,0.01462692341185065,0.0,False
1 atm,cadmium in gold bands,gamma_Pd_in_Cu,0.011102276926194657,0.013574537491286042,0.0,False
1 atm,cadmium in gold bands,gamma_Pd_in_Fe,0.0128928532166789,0.0158226023392272,0.0,False
1 atm,cadmium in gold bands,gamma_Pd_in_Ni,0.012196622311787487,0.01539071756732512,0.0,False
1 atm,cadmium in gold bands,gamma_Pt_in_Cu,0.017184164507972947,0.015293412184208165,0.0018907523237647814,False
1 atm,cadmium in gold bands,gamma_Pt_in_Fe,0.01238443439654428,0.014216735596359581,0.0,False
1 atm,cadmium in gold bands,gamma_Pt_in_Ni,0.014399787720809805,0.015169879213829965,0.0,False
1 atm,cadmium in gold bands,gamma_Sb_in_Cu,0.010399674245292471,0.013968150769209774,0.0,False
1 atm,cadmium in gold bands,gamma_Sb_in_Fe,0.014796488313689004,0.016537007040103285,0.0,False
1 atm,cadmium in gold bands,gamma_Sn_in_Cu,0.018822644499597262,0.01535089820995901,0.003471746289638252,False
1 atm,cadmium in gold bands,gamma_Sn_in_Fe,0.01991468017762363,0.014641390456972245,0.005273289720651386,True
