scenario,element,band_A,band_B,band_C,band_D1,band_D2,band_E,band_cold,band_gas,main_band,hosts,T50,T50_Fe,T50_Cu
ideal (gamma = 1),Au,0.0,0.7617741626029954,0.2382153795488462,1.0457807940211422e-05,4.021823418555252e-11,3.2648619485460607e-31,0.0,6.962042071800865e-169,B,"{'in_Fe': 0.909, 'in_Ni': 0.03, 'in_Cu': 0.061, 'in_Cr': 0.0, 'in_Pb': 0.0, 'in_Zn': 0.0}",2150.0,2225.0,1700.0
ideal (gamma = 1),Pd,0.0,0.9732353302450065,0.02676466963595767,1.1903583833095837e-10,3.4431459093044474e-20,8.663703815539582e-43,0.0,9.171677267336885e-193,B,"{'in_Fe': 0.997, 'in_Ni': 0.002, 'in_Cu': 0.001, 'in_Cr': 0.0, 'in_Pb': 0.0, 'in_Zn': 0.0}",2250.0,2225.0,1700.0
ideal (gamma = 1),Pt,0.0,1.0,6.73401533715144e-38,8.100441373489272e-108,4.860288525868413e-159,2.5009914424974536e-206,0.0,0.0,B,{},,2225.0,1700.0
ideal (gamma = 1),Ag,0.0,0.03307254696696317,0.11610882412361193,0.07930419693440563,0.771514431958595,1.6424318870117068e-11,0.0,2.5281163732460607e-89,D2,"{'in_Fe': 0.197, 'in_Ni': 0.017, 'in_Cu': 0.664, 'in_Cr': 0.039, 'in_Pb': 0.083, 'in_Zn': 0.0}",1175.0,2225.0,1700.0
measured,Au,0.0,0.5809550460393849,0.41904495395553937,5.075611538336493e-12,1.551389124550164e-26,1.2593967444626258e-46,0.0,2.6855570796621263e-184,B,"{'in_Fe': 0.695, 'in_Ni': 0.08, 'in_Cu': 0.224, 'in_Cr': 0.0, 'in_Pb': 0.0, 'in_Zn': 0.0}",2075.0,2225.0,1700.0
measured,Pd,0.0,0.9999999990971387,9.028612574052124e-10,1.2420686993770331e-23,3.592719487928241e-33,9.040063463942953e-56,0.0,9.570103772340415e-206,B,"{'in_Fe': 1.0, 'in_Ni': 0.0, 'in_Cu': 0.0, 'in_Cr': 0.0, 'in_Pb': 0.0, 'in_Zn': 0.0}",2300.0,2225.0,1700.0
measured,Pt,0.0,1.0,6.73401533715144e-38,8.100441373489272e-108,4.860288525868413e-159,2.5009914424974536e-206,0.0,0.0,B,{},,2225.0,1700.0
measured,Ag,0.0,0.00016841491755563992,0.05267539252822363,0.034885775726635565,0.9122704168111608,1.6424318870117068e-11,0.0,2.5281163732460607e-89,D2,"{'in_Fe': 0.002, 'in_Ni': 0.041, 'in_Cu': 0.668, 'in_Cr': 0.098, 'in_Pb': 0.191, 'in_Zn': 0.0}",1175.0,2225.0,1700.0
"measured, against iron",Au,0.0,0.3573286363722187,0.6426713636276992,8.208036246967468e-14,1.0507987601265895e-30,8.530242455918416e-51,0.0,1.819002083295124e-188,C,"{'in_Fe': 0.453, 'in_Ni': 0.14, 'in_Cu': 0.407, 'in_Cr': 0.0, 'in_Pb': 0.0, 'in_Zn': 0.0}",1850.0,2225.0,1700.0
"measured, against iron",Pd,0.0,0.9999999990971387,9.028612574052124e-10,1.2420686993770331e-23,3.592719487928241e-33,9.040063463942953e-56,0.0,9.570103772340415e-206,B,"{'in_Fe': 1.0, 'in_Ni': 0.0, 'in_Cu': 0.0, 'in_Cr': 0.0, 'in_Pb': 0.0, 'in_Zn': 0.0}",2300.0,2225.0,1700.0
"measured, against iron",Pt,0.0,1.0,6.73401533715144e-38,8.100441373489272e-108,4.860288525868413e-159,2.5009914424974536e-206,0.0,0.0,B,{},,2225.0,1700.0
"measured, against iron",Ag,0.0,0.00016841491755563992,0.05267539252822363,0.034885775726635565,0.9122704168111608,1.6424318870117068e-11,0.0,2.5281163732460607e-89,D2,"{'in_Fe': 0.002, 'in_Ni': 0.041, 'in_Cu': 0.668, 'in_Cr': 0.098, 'in_Pb': 0.191, 'in_Zn': 0.0}",1175.0,2225.0,1700.0
"measured, toward iron",Au,0.0,0.8146265911194575,0.18537340872103572,1.595068126491943e-10,1.0877948770245864e-22,8.830571937682737e-43,0.0,1.8830448060931394e-180,B,"{'in_Fe': 0.901, 'in_Ni': 0.028, 'in_Cu': 0.072, 'in_Cr': 0.0, 'in_Pb': 0.0, 'in_Zn': 0.0}",2200.0,2225.0,1700.0
"measured, toward iron",Pd,0.0,0.9999999990971387,9.028612574052124e-10,1.2420686993770331e-23,3.592719487928241e-33,9.040063463942953e-56,0.0,9.570103772340415e-206,B,"{'in_Fe': 1.0, 'in_Ni': 0.0, 'in_Cu': 0.0, 'in_Cr': 0.0, 'in_Pb': 0.0, 'in_Zn': 0.0}",2300.0,2225.0,1700.0
"measured, toward iron",Pt,0.0,1.0,6.73401533715144e-38,8.100441373489272e-108,4.860288525868413e-159,2.5009914424974536e-206,0.0,0.0,B,{},,2225.0,1700.0
"measured, toward iron",Ag,0.0,0.00016841491755563992,0.05267539252822363,0.034885775726635565,0.9122704168111608,1.6424318870117068e-11,0.0,2.5281163732460607e-89,D2,"{'in_Fe': 0.002, 'in_Ni': 0.041, 'in_Cu': 0.668, 'in_Cr': 0.098, 'in_Pb': 0.191, 'in_Zn': 0.0}",1175.0,2225.0,1700.0
"measured, 0.1 atm",Au,0.0,0.15384187684969722,0.5889241570320901,0.25723396611821253,0.0,3.0830995784679635e-24,0.0,6.617610381385198e-173,C,"{'in_Fe': 0.465, 'in_Ni': 0.123, 'in_Cu': 0.412, 'in_Cr': 0.0, 'in_Pb': 0.0, 'in_Zn': 0.0}",1675.0,2000.0,1550.0
"measured, 0.1 atm",Pd,0.0,0.9943311494479987,0.005668850551904585,9.66638607681203e-14,0.0,1.877150256903852e-29,0.0,4.3112865723224265e-192,B,"{'in_Fe': 1.0, 'in_Ni': 0.0, 'in_Cu': 0.0, 'in_Cr': 0.0, 'in_Pb': 0.0, 'in_Zn': 0.0}",2050.0,2000.0,1550.0
"measured, 0.1 atm",Pt,0.0,0.999999999992507,7.492954905385496e-12,2.643221914626098e-72,0.0,2.9277944833348414e-153,0.0,0.0,B,{},,2000.0,1550.0
"measured, 0.1 atm",Ag,0.0,3.155668202964954e-05,0.0018807139477850844,0.051366786903994724,0.9263968632324044,0.02032407923378608,0.0,1.0255412145165873e-85,D2,"{'in_Fe': 0.002, 'in_Ni': 0.033, 'in_Cu': 0.745, 'in_Cr': 0.083, 'in_Pb': 0.137, 'in_Zn': 0.0}",1100.0,2000.0,1550.0
"measured, 5 atm",Au,0.0,0.8361440005077871,0.16385599949221286,4.3655754798439346e-20,5.357401418919947e-27,6.788433344432149e-71,0.0,1.70419050041919e-209,B,"{'in_Fe': 0.839, 'in_Ni': 0.041, 'in_Cu': 0.12, 'in_Cr': 0.0, 'in_Pb': 0.0, 'in_Zn': 0.0}",2350.0,2450.0,1850.0
"measured, 5 atm",Pd,0.0,0.9999999999999987,1.420735642006905e-15,1.1238341559495418e-30,4.208374455081597e-35,1.3789240082856546e-84,0.0,1.1253913637324622e-234,B,"{'in_Fe': 1.0, 'in_Ni': 0.0, 'in_Cu': 0.0, 'in_Cr': 0.0, 'in_Pb': 0.0, 'in_Zn': 0.0}",2525.0,2450.0,1850.0
"measured, 5 atm",Pt,0.0,1.0,3.623174934559607e-56,1.3455989048383465e-132,5.966858201382549e-157,5.155368402941566e-261,0.0,0.0,B,{},,2450.0,1850.0
"measured, 5 atm",Ag,0.0,0.0018173297116406402,0.10111556406374471,0.01696296321963025,0.8801041430049844,2.192999708417311e-21,0.0,1.4005065515474348e-100,D2,"{'in_Fe': 0.002, 'in_Ni': 0.042, 'in_Cu': 0.536, 'in_Cr': 0.089, 'in_Pb': 0.331, 'in_Zn': 0.0}",1250.0,2450.0,1850.0
