T,element,moles,grams
3050.0,W,0.0014428630908253628,0.2652559506173347
3025.0,W,0.0015581378332827486,0.2864480592707005
3000.0,W,0.0011868929843024487,0.21819840623416217
2975.0,W,0.0009003241591701598,0.1655155934218422
2950.0,W,0.0006800633440653,0.12502284517296475
2925.0,W,0.0005115011869796292,0.09403437821433504
2900.0,W,0.0003830679509946315,0.07042321211085306
2875.0,C,4.014673448840118,48.22024279401865
2875.0,Ti,4.014673448840118,192.17037397562993
2875.0,W,0.0002852953562225085,0.05244869828794596
2875.0,Nd,6.2161664191554e-05,0.008966198442989749
2850.0,C,6.712812947007603,80.62759630650831
2850.0,Ti,6.712812947007603,321.32221733441287
2850.0,W,0.00021175105677950204,0.03892831427834365
2850.0,Nd,0.00011585236248817798,0.016710544765294794
2825.0,C,4.79633380621943,57.60876534650156
2825.0,Ti,4.79633380621943,229.58611030230543
2825.0,W,0.00015672789469365397,0.028812856160481345
2825.0,Nd,9.244467451575977e-05,0.01333421985215319
2800.0,C,3.412953322906955,40.99298236143543
2800.0,Ti,3.412953322906955,163.3678367075872
2800.0,W,0.00011543419905104044,0.021221423153543275
2800.0,Nd,7.360919144888678e-05,0.01061738977458743
2775.0,C,2.4209937968118487,29.07855649350711
2775.0,Ti,2.4209937968118487,115.88571007199275
2775.0,W,8.461054019175118e-05,0.015554801708851538
2775.0,Nd,5.854565887947194e-05,0.008444625836775034
2750.0,C,1.7130439561939594,20.575370957845646
2750.0,Ti,1.7130439561939594,81.99827505113625
2750.0,W,6.172074974381212e-05,0.01134674263290242
2750.0,Nd,4.654285830098248e-05,0.006713341881333714
2725.0,C,1.2094687235840944,14.526928838968557
2725.0,Ti,1.2094687235840944,57.893639391799844
2725.0,W,4.480783687610064e-05,0.00823747273130234
2725.0,Nd,3.6996663653560136e-05,0.005336398765389514
2700.0,C,0.7975186730154148,9.578996781588147
2700.0,Si,81.50953682906385,2289.195341844258
2700.0,Ti,0.7975186730154148,38.174826321228856
2700.0,W,3.1852165622128174e-05,0.0058557021279720435
2700.0,Nd,0.002738774514004505,0.3950408359000098
2675.0,C,0.5152300124780468,6.188427679873819
2675.0,Si,187.06069177251157,5253.599528430987
2675.0,Ti,0.5152300124780468,24.662515007286665
2675.0,W,2.237952811154449e-05,0.004114252448026339
2675.0,Nd,0.006632493843190951,0.9566709119418628
2650.0,C,0.3878794230148386,4.658819749831226
2650.0,Si,163.62344374018915,4595.364417443212
2650.0,Ti,0.3878794230148386,18.566624341451277
2650.0,W,1.620070554288032e-05,0.0029783377070031177
2650.0,Nd,0.006134936452440828,0.8849032339000652
2625.0,C,92.9528529625049,1116.4567169326463
2625.0,Si,92.70371095626592,2603.5837222067285
2625.0,Ti,0.24914200623898258,11.925680412641379
2625.0,W,1.1277886438267892e-05,0.002073326642811169
2625.0,Nd,0.003786772420365264,0.5462040539134857
2600.0,C,82.42122260732556,989.9613047365873
2600.0,Si,82.23011922609489,2309.432898464875
2600.0,Ti,0.1911033812306734,9.147545549368644
2600.0,W,8.116329899346964e-06,0.001492106088695946
2600.0,Nd,0.003653524660139282,0.5269843969784901
2575.0,C,68.57651493839559,823.6725209250694
2575.0,Si,68.42521352684972,1921.7221219015744
2575.0,Ti,0.15130141154586782,7.242344666466055
2575.0,W,5.8933109249859694e-06,0.0010834262804494206
2575.0,Nd,0.003321656658044417,0.4791157563563267
2550.0,C,57.541620970982784,691.1324094824741
2550.0,Si,57.42248743678188,1612.710559662019
2550.0,Ti,0.11913353420090593,5.702564881594764
2550.0,W,4.284073762157381e-06,0.0007875841204350129
2550.0,Nd,0.003057360437033807,0.44099366943775636
2525.0,C,48.8944391811657,587.2711090049812
2525.0,Si,48.80111766137655,1370.5793895197605
2525.0,Ti,0.09332151978915017,4.4670211877472505
2525.0,W,3.1192795954074564e-06,0.0005734483608197069
2525.0,Nd,0.002859363225752684,0.41243455168256715
2500.0,C,42.23035834173082,507.22883404252883
2500.0,Si,42.157609974881524,1183.9964761445476
2500.0,Ti,0.07274836684929395,3.4822460759751532
2500.0,W,4.033929435909859e-06,0.0007415975874976684
2500.0,Nd,0.002725623203402777,0.3931438908588166
2475.0,C,37.15177293235947,446.2299446905696
2475.0,Si,37.09531838373557,1041.8220168072135
2475.0,Ti,0.05645454862390278,2.702309878980354
2475.0,W,1.2031909457228027e-06,0.00022119462346168007
2475.0,Nd,0.002651682104720554,0.38247862678489275
2450.0,C,33.27028795969848,399.6094286839384
2450.0,Si,33.22666016037496,933.1707506041308
2450.0,Ti,0.043627799323515314,2.0883318702187075
2450.0,W,8.855562663250392e-07,0.0001628006640011952
2450.0,Nd,0.0026292774462480864,0.379246978846824
2425.0,C,30.22391096371495,363.01939458518024
2425.0,Si,30.190321974879694,847.8951926644962
2425.0,Ti,0.033588988835254095,1.6078041285771076
2425.0,W,6.532374490899106e-07,0.00012009117264068917
2425.0,Nd,0.002646003616539633,0.3816595616496767
2400.0,C,27.703186886581626,332.7429776947319
2400.0,Si,27.677410678547783,777.3200789070145
2400.0,Ti,0.025776208033842934,1.2338297499559596
2400.0,W,4.830765125935223e-07,8.880878607519315e-05
2400.0,Nd,0.002686500519776515,0.38750083497256455
2375.0,C,25.474037645369194,305.96866615852935
2375.0,Si,25.454309078613168,714.8842704728509
2375.0,Ti,0.019728566756024527,0.944347304910626
2375.0,W,3.581827511152306e-07,6.5848316965024e-05
2375.0,Nd,0.002734881941850613,0.3944793712925324
2350.0,C,23.38659240643028,280.8963613936341
2350.0,Si,23.37152141729971,656.3891790048624
2350.0,Ti,0.015070989130569593,0.7214030367129747
2350.0,W,2.6627340612936065e-07,4.8951702982821666e-05
2350.0,Nd,0.002777442109515839,0.40061824987656464
2325.0,C,21.383387886463616,256.8358719043145
2325.0,Si,21.383387886463616,600.5524487913307
2325.0,Ti,0.011508383676340272,0.5508718014353798
2325.0,Fe,11.096300768265678,619.6729164037968
2325.0,Au,2.8560985397417094e-05,0.005625571610773053
2325.0,Ag,2.0228020945517136e-07,2.1819561633510422e-05
2325.0,Pd,0.0005340542141481024,0.05683404946964106
2325.0,Pt,0.00017790618979616148,0.034705939505435185
2325.0,Sn,0.0029453129923245917,0.34963810531885225
2325.0,Sb,0.00021311031386214555,0.025948311815854844
2325.0,Cd,1.80510217411665e-10,2.0291153539245264e-08
2325.0,Co,0.018187062488203048,1.0718181536172702
2325.0,Mn,0.00338259252693242,0.1858328682446133
2325.0,Bi,6.820222963109083e-11,1.425290194830536e-08
2325.0,In,6.11404049431527e-08,7.020141295572792e-06
2325.0,Ga,0.0001745098843764902,0.012167352668382026
2325.0,W,7.820351929680889e-07,0.00014376934987525347
2325.0,Nd,0.0014999284248778666,0.21634967600438348
2300.0,C,19.514372026374325,234.387122408782
2300.0,Si,19.514372026374325,548.0611383607229
2300.0,Ti,0.008797557082233929,0.4211126648552915
2300.0,Fe,50.103433750700766,2798.026257807884
2300.0,Au,0.0001380994194836692,0.02720102835743987
2300.0,Ag,1.057271018779124e-06,0.00011404571025366653
2300.0,Pd,0.0006290705179875542,0.06694568452423552
2300.0,Pt,4.309521107473273e-06,0.0008407013776458863
2300.0,Sn,0.01554641464803239,1.8455148828679249
2300.0,Sb,0.0010897645487780608,0.1326897314592167
2300.0,Cd,8.597200286171972e-10,9.664112841685914e-08
2300.0,Co,0.06308482788695938,3.717778161862177
2300.0,Mn,0.017400695249220582,0.9559593956016804
2300.0,Bi,3.3954475595434995e-10,7.095806309934005e-08
2300.0,In,3.144840318472447e-07,3.610905653670064e-05
2300.0,Ga,0.0008993781428432659,0.06270734225346103
2300.0,W,1.3448825711940456e-13,2.4724321188831333e-11
2300.0,Nd,0.0068039585912217995,0.9814029871978325
2275.0,C,17.571525559196793,211.05159349151268
2275.0,Si,17.571525559196793,493.49629533004196
2275.0,Ti,0.006705683018420363,0.3209809290427275
2275.0,Fe,41.38238698822752,2310.999401357566
2275.0,Au,0.00012285822371203213,0.024199015749887833
2275.0,Ag,1.0137322586171146e-06,0.00010934927127251091
2275.0,Pd,0.00013580582344556186,0.014452455731076693
2275.0,Pt,1.7157989934642118e-08,3.3471806764499847e-06
2275.0,Sn,0.01505851901037792,1.7875967917219628
2275.0,Sb,0.0010221832162151348,0.12446102840635483
2275.0,Cd,7.495606325518855e-10,8.425811070515746e-08
2275.0,Co,0.03958703719908345,2.332982863253585
2275.0,Mn,0.016420152787403202,0.9020903538343572
2275.0,Bi,3.099949081333754e-10,6.478273590171279e-08
2275.0,In,2.96444215525185e-07,3.403772482660174e-05
2275.0,Ga,0.0008491667789258949,0.05920645532705017
2275.0,W,3.928276821641936e-21,7.221744108906535e-19
2275.0,Nd,0.005681561703652457,0.8195084601348305
2250.0,C,15.738270281383707,189.0323643496997
2250.0,Si,15.738270281383707,442.00932085266146
2250.0,Ti,0.005122598899076281,0.24520344150208434
2250.0,Fe,34.043288974408334,1901.1474727758334
2250.0,Au,0.00010951397848473572,0.02157063980020294
2250.0,Ag,9.710428760389131e-07,0.00010474445295256547
2250.0,Pd,2.9266430545109493e-05,0.0031145335386105525
2250.0,Pt,6.099278324402689e-11,1.1898472155244766e-08
2250.0,Sn,0.014577461648718454,1.7304904723193675
2250.0,Sb,0.0009578147758374456,0.11662352710596738
2250.0,Cd,6.514701842416057e-10,7.32317634105989e-08
2250.0,Co,0.024458321283780705,1.4414022482170483
2250.0,Mn,0.015479360786059533,0.8504051228645386
2250.0,Bi,2.826286429721578e-10,5.906373380832153e-08
2250.0,In,2.788818838222708e-07,3.2021217900473134e-05
2250.0,Ga,0.000799851000947419,0.05576801133905689
2250.0,W,1.0651973811706795e-28,1.958258865544177e-26
2250.0,Nd,0.004756463015387572,0.6860722253395034
2225.0,C,145.15207237958754,1743.4215413512259
2225.0,O,364.3003383470785,5828.441113214909
2225.0,Al,242.86689223138566,6553.034486187248
2225.0,Si,145.15207237958754,4076.5959527807163
2225.0,Ti,0.0043078543160853175,0.20620406254805587
2225.0,Fe,29.292799835810804,1635.8564068308542
2225.0,Au,0.00010358139393077618,0.020402116418363193
2225.0,Ag,9.884591788960654e-07,0.00010662311470916079
2225.0,Pd,6.37851666618874e-06,0.0006788017436158058
2225.0,Pt,1.9310328217220577e-13,3.7670588286153906e-11
2225.0,Sn,0.014969093684830837,1.7769811113262686
2225.0,Sb,0.0009533849323054266,0.11608414935750874
2225.0,Cd,6.003727017577284e-10,6.748789540458624e-08
2225.0,Co,0.015405278831907374,0.9078792974007973
2225.0,Mn,0.015505264758106204,0.8518282352808387
2225.0,Bi,2.737065901202295e-10,5.719920320332556e-08
2225.0,In,2.767378578133191e-07,3.17750408341253e-05
2225.0,Ga,0.000788130236236004,0.05495080446108291
2225.0,W,2.6896494979717837e-36,4.944651637071327e-34
2225.0,Nd,0.004208989189613328,0.6071046007098265
2200.0,C,219.9487117454146,2641.8039767741748
2200.0,O,573.7296702313115,9179.100994030752
2200.0,Al,382.48644682087433,10320.24930812083
2200.0,Si,219.9487117454146,6177.2595693699695
2200.0,Ti,0.0034072329640641736,0.1630940202908598
2200.0,Fe,24.23340763340041,1353.3146492872459
2200.0,Au,9.530042042063305e-05,0.01877103790899083
2200.0,Ag,9.782333760638842e-07,0.00010552007780925906
2200.0,Pd,1.3138995787896865e-06,0.00013982519317479845
2200.0,Pt,5.104109011711293e-16,9.957095860046391e-14
2200.0,Sn,0.01491026594203621,1.7699976699791184
2200.0,Sb,0.0009223827050413351,0.11230931816583296
2200.0,Cd,5.366762512409552e-10,6.032777740199577e-08
2200.0,Co,0.009134733720544576,0.5383372623528535
2200.0,Mn,0.015098557512247132,0.8294845526078329
2200.0,Bi,2.575680905853082e-10,5.38265795705177e-08
2200.0,In,2.640591598007508e-07,3.0319272728322208e-05
2200.0,Ga,0.000737888796416377,0.051447820552539054
2200.0,W,5.9023873638314015e-44,1.0850948929667648e-41
2200.0,Nd,0.0036163248689047543,0.5216186990908218
2175.0,C,119.9112355367466,1440.2538500318633
2175.0,O,300.19786630451495,4802.865663005935
2175.0,Al,200.13191086967663,5399.959219085615
2175.0,Si,119.9112355367466,3367.7070500495283
2175.0,Ti,0.0023723965928892747,0.1135595077118309
2175.0,Fe,18.60298318401556,1038.883595911349
2175.0,Au,8.13759702393535e-05,0.016028380730134743
2175.0,Ag,8.929561813285405e-07,9.6321397367547e-05
2175.0,Pd,2.5865946373775265e-07,2.7526540130971637e-05
2175.0,Pt,1.1538356366377053e-18,2.2509025599528355e-16
2175.0,Sn,0.013717482963569243,1.6284024026053048
2175.0,Sb,0.0008232102906265676,0.10023408498669088
2175.0,Cd,4.4143217855558956e-10,4.962139119143382e-08
2175.0,Co,0.005009350653503404,0.2952160620629161
2175.0,Mn,0.013561438794625803,0.7450383244991524
2175.0,Bi,2.2342783684321726e-10,4.669194934349554e-08
2175.0,In,2.3259390351264492e-07,2.670643200132189e-05
2175.0,Ga,0.0006393394994043139,0.044576667916966975
2175.0,W,1.1507234542505313e-51,2.1154899982941767e-49
2175.0,Nd,0.0028959822751327413,0.4177164833651466
2150.0,C,101.05347118233756,1213.7532423710563
2150.0,O,228.12765311824631,3649.814322238823
2150.0,Al,101.83369165507419,2747.6766682372117
2150.0,Si,101.05347118233756,2838.0867381559506
2150.0,Ca,75.37711563563504,3020.964040444981
2150.0,Ti,0.001775604316355722,0.08499285181099935
2150.0,Fe,14.819731636394962,827.6079132344767
2150.0,Au,7.256309814204658e-05,0.014292535751744488
2150.0,Ag,8.485200792975944e-07,9.152816391367291e-05
2150.0,Pd,5.315127188624731e-08,5.656358354134439e-06
2150.0,Pt,2.409183416134886e-21,4.699835008195936e-19
2150.0,Sn,0.013125080727659135,1.5580783331804158
2150.0,Sb,0.0007645128019680305,0.0930870787676274
2150.0,Cd,3.7703823895600195e-10,4.238286844104418e-08
2150.0,Co,0.002812771932892052,0.1657650883211273
2150.0,Mn,0.01267954950247191,0.6965890905668018
2150.0,Bi,2.0162133966547735e-10,4.2134827563291456e-08
2150.0,In,2.1183222104455755e-07,2.4322575620336097e-05
2150.0,Ga,0.0005692960485789443,0.03969302839506973
2150.0,W,2.177325149332294e-59,4.002794554532489e-57
2150.0,Nd,0.002424803243168641,0.3497536197946448
2125.0,C,84.79098042064022,1018.4244658323097
2125.0,O,180.00766598576874,2879.942648106314
2125.0,Al,52.09314292616736,1405.5771824338476
2125.0,Si,84.79098042064022,2381.3546851136807
2125.0,Ca,101.8679515965177,4082.663764085237
2125.0,Ti,0.001333848453293025,0.06384732391377722
2125.0,Fe,11.731239842853105,655.1310890241316
2125.0,Au,6.468325491045324e-05,0.012740466669947244
2125.0,Ag,8.034137265383482e-07,8.666263185423855e-05
2125.0,Pd,1.0934888196494573e-08,1.1636908018709525e-06
2125.0,Pt,4.4448449755797654e-24,8.671003578361007e-22
2125.0,Sn,0.012493224811908961,1.4830707174217126
2125.0,Sb,0.0007077682937350117,0.08617786744517503
2125.0,Cd,3.2006718295765884e-10,3.597875203627043e-08
2125.0,Co,0.001548437513036373,0.09125406795577258
2125.0,Mn,0.011812202084836335,0.6489387581367386
2125.0,Bi,1.8116007645843654e-10,3.785883277828407e-08
2125.0,In,1.902021812655663e-07,2.183901445291232e-05
2125.0,Ga,0.0004952162684244231,0.03452796388335606
2125.0,W,3.8498796399239805e-67,7.077618730036246e-65
2125.0,Nd,0.0020326449692103857,0.29318871035890604
2100.0,C,54.260462827627485,651.7224190226336
2100.0,O,112.04127485466461,1792.548356399779
2100.0,Al,28.669774395201735,773.5678527313332
2100.0,Si,54.260462827627485,1523.905098513918
2100.0,Ca,69.036613261862,2766.8493863089057
2100.0,Ti,0.0010095677027527963,0.0483249772276681
2100.0,Fe,9.17187805131725,512.2035297758118
2100.0,Au,5.719269666585208e-05,0.011265073884182887
2100.0,Ag,7.517071685905149e-07,8.108514886152166e-05
2100.0,Pd,2.2529613086626383e-09,2.39760142467878e-07
2100.0,Pt,7.240904966992932e-27,1.4125557409609811e-24
2100.0,Sn,0.01174964130739294,1.394799919600616
2100.0,Sb,0.0006472190792620676,0.07880539509094936
2100.0,Cd,2.6777643394736777e-10,3.010074894002361e-08
2100.0,Co,0.0008323632687986357,0.04905366452011
2100.0,Mn,0.01087353323831808,0.5973701690467187
2100.0,Bi,1.6071834816341102e-10,3.358692039918963e-08
2100.0,In,1.6829848509051566e-07,1.9324032058093007e-05
2100.0,Ga,0.0004244863185323634,0.029596459587031974
2100.0,W,6.392829730625134e-75,1.1752578176781246e-72
2100.0,Nd,0.001694082256654121,0.24435442469979043
2075.0,C,35.5291196331472,426.74025591373095
2075.0,O,71.65784718086617,1146.4538970466779
2075.0,Al,16.133358107941746,435.3102684684842
2075.0,Si,35.5291196331472,997.835324896939
2075.0,Ca,47.45781001895355,1902.0141099396205
2075.0,Ti,0.0007830828938704855,0.037483828880898525
2075.0,Fe,7.190851303895139,401.573091066024
2075.0,Au,5.098074061675462e-05,0.010041523537060308
2075.0,Ag,7.067153091331632e-07,7.623196696557605e-05
2075.0,Pd,4.705042673440437e-10,5.0071064130753134e-08
2075.0,Pt,1.0493771450526711e-29,2.0471249345687507e-27
2075.0,Sn,0.011102219421876471,1.3179444675709557
2075.0,Sb,0.0005945850926014171,0.07239668087514856
2075.0,Cd,2.2448638768084909e-10,2.5234514839204246e-08
2075.0,Co,0.00044266486973293384,0.02608756876797099
2075.0,Mn,0.010057022648838928,0.5525127102819131
2075.0,Bi,1.4314198361946325e-10,2.991381173679543e-08
2075.0,In,1.4945903295595537e-07,1.7160886164002796e-05
2075.0,Ga,0.0003657244617521421,0.025499406646744605
2075.0,W,1.0108523278277529e-82,1.858350919478541e-80
2075.0,Nd,0.0014262009386826445,0.20571522339558465
2050.0,C,23.659516288680656,284.17445014334334
2050.0,O,46.74394522215542,747.8563796092645
2050.0,Al,9.170970043994824,247.45111372706833
2050.0,Si,23.659516288680656,664.4775149675962
2050.0,Ca,32.98749015616318,1322.072630478708
2050.0,Ti,0.0006173829075675039,0.029552267636533708
2050.0,Fe,5.6332195441946435,314.5871454455499
2050.0,Au,4.5680976587323883e-05,0.008997644915475424
2050.0,Ag,6.658877320702166e-07,7.182797788295013e-05
2050.0,Pd,9.907912949216414e-11,1.0544000960556108e-08
2050.0,Pt,1.3402967231945982e-32,2.6146508476080222e-30
2050.0,Sn,0.010515161935623895,1.2482548733779124
2050.0,Sb,0.000547309038871161,0.06664034857295256
2050.0,Cd,1.8807171932664493e-10,2.1141141969508157e-08
2050.0,Co,0.00023170837538816775,0.01365526968675089
2050.0,Mn,0.00932171044691081,0.5121161285323862
2050.0,Bi,1.276465306136087e-10,2.6675571967631946e-08
2050.0,In,1.330851788491965e-07,1.528084023546474e-05
2050.0,Ga,0.0003168097307040684,0.02208892485387976
2050.0,W,1.516434699939864e-90,2.787813552369446e-88
2050.0,Nd,0.001209129286472441,0.1744048082807849
2025.0,C,18.387981040003368,220.85804027148043
2025.0,O,35.87062591154954,573.894143958881
2025.0,Mg,3.2553917998556923,79.1222976954926
2025.0,Al,6.5107835997113845,175.67396308741257
2025.0,Si,18.387981040003368,516.4264475084946
2025.0,Ca,22.84905871212677,915.7445750646167
2025.0,Ti,0.0004924571435330673,0.023572446089497334
2025.0,Fe,4.404022305235468,245.94262563587472
2025.0,Au,4.1125611869215556e-05,0.008100388393043782
2025.0,Ag,6.286544889058967e-07,6.781170240930126e-05
2025.0,Pd,2.0981744627887206e-11,2.2328772632997563e-09
2025.0,Pt,1.4982421448105678e-35,2.9227707760964558e-33
2025.0,Sn,0.009972792743110323,1.1838702265346264
2025.0,Sb,0.0005046406005825896,0.06144503952693611
2025.0,Cd,1.5740567211543082e-10,1.7693971602495578e-08
2025.0,Co,0.00011903316974000712,0.0070149817922878395
2025.0,Mn,0.008656425916877205,0.4755667270213999
2025.0,Bi,1.1393368766838595e-10,2.3809862048939296e-08
2025.0,In,1.1882877159286144e-07,1.364391955429235e-05
2025.0,Ga,0.00027587840687303035,0.019235070162408295
2025.0,W,2.1548412129823397e-98,3.9614600859467335e-96
2025.0,Nd,0.0010316450633786273,0.1488044839417332
2000.0,C,11.457068126442344,137.610845266699
2000.0,O,21.729998266098416,347.65824225930857
2000.0,Mg,1.4322067097842572,34.80978408130637
2000.0,Al,2.8644134195685145,77.28760288679766
2000.0,Si,11.457068126442344,321.77175833113324
2000.0,Ca,16.00117142696139,641.2949484497585
2000.0,Ti,0.00039399434185320844,0.018859327161487527
2000.0,Fe,3.4207415057750854,191.03130939000965
2000.0,Au,3.7032066994750216e-05,0.007294095139754966
2000.0,Ag,5.920095481061868e-07,6.385888593511815e-05
2000.0,Pd,4.4529869546893445e-12,4.738868717180401e-10
2000.0,Pt,1.455738883185181e-38,2.839855413317651e-36
2000.0,Sn,0.009433895472621797,1.1198977315549334
2000.0,Sb,0.0004639804643345155,0.056494261337370615
2000.0,Cd,1.3100310933547035e-10,1.4726059520400222e-08
2000.0,Co,5.9716615057430614e-05,0.0035192792751795586
2000.0,Mn,0.008017622509234606,0.4404721454123308
2000.0,Bi,1.0132405975733547e-10,2.1174702008087967e-08
2000.0,In,1.0629618358354207e-07,1.22049277990623e-05
2000.0,Ga,0.000241867069322706,0.01686369767438703
2000.0,W,2.8955089068922716e-106,5.323103574430752e-104
2000.0,Nd,0.0008819869977749811,0.12721780455906329
1975.0,C,50.75152384427046,609.5765528935325
1975.0,O,129.48422415393196,2071.6181022387577
1975.0,Mg,58.73640159131955,1427.5882406770215
1975.0,Al,1.1209705268503285,30.24602675547556
1975.0,Si,79.83948200821766,2242.291852200793
1975.0,Ca,10.890450444442521,436.4674729123674
1975.0,Ti,0.00034649174706754345,0.0165855204568821
1975.0,Fe,2.6918585131399517,150.3268386663006
1975.0,Au,3.419227258674162e-05,0.006734749354592737
1975.0,Ag,5.707758994144245e-07,6.156845471803513e-05
1975.0,Pd,9.533495285208296e-13,1.0145545682518669e-10
1975.0,Pt,1.226288691181619e-41,2.3922439787571023e-39
1975.0,Sn,0.009117925578571665,1.0823889454322424
1975.0,Sb,0.0004365732501611101,0.05315715893961677
1975.0,Cd,1.1126825973502914e-10,1.2507665076814625e-08
1975.0,Co,2.959689546366672e-05,0.001744233840360271
1975.0,Mn,0.007601857480259074,0.41763084625047303
1975.0,Bi,9.214508262100351e-11,1.925647936613731e-08
1975.0,In,9.777824494144806e-08,1.1226898084177066e-05
1975.0,Ga,0.00021900776427374448,0.015269878348458287
1975.0,W,3.691011187626469e-114,6.785554967332501e-112
1975.0,Nd,0.0007733567096589742,0.11154897180121044
1950.0,C,138.3573189322455,1661.8097576952007
1950.0,O,410.1203349736616,6561.515239243612
1950.0,Mg,134.29591552169623,3264.062226754827
1950.0,Al,0.35050000676309206,9.45719118248175
1950.0,Si,272.4779844505602,7652.544193293984
1950.0,Ca,7.05733840519132,282.84400860325775
1950.0,Ti,0.00033832663895801477,0.016194681227003294
1950.0,Fe,2.1291650970871077,118.90322484682953
1950.0,Au,3.23109904186241e-05,0.0063641988497851335
1950.0,Ag,5.62946387498795e-07,6.0723900926720014e-05
1950.0,Pd,2.0182305039734796e-13,2.147800902328577e-11
1950.0,Pt,8.701490463155613e-45,1.697486759552397e-42
1950.0,Sn,0.008958217688204538,1.0634300217667607
1950.0,Sb,0.00041919721167211056,0.051041452493196186
1950.0,Cd,9.635647711603235e-11,1.0831431592613196e-08
1950.0,Co,1.4257296924057874e-05,0.0008402252796255027
1950.0,Mn,0.0073721781122476045,0.4050127211306589
1950.0,Bi,8.561321756864074e-11,1.789145020749454e-08
1950.0,In,9.237067713847797e-08,1.060600114904004e-05
1950.0,Ga,0.00020443854942349578,0.014254068981454395
1950.0,W,4.3247623589575463e-122,7.950643120707553e-120
1950.0,Nd,0.0006931130858107903,0.0999746314973484
1925.0,C,247.15621905012833,2968.5933470110913
1925.0,O,943.6998345085706,15098.253652302621
1925.0,Mg,41.671150282707195,1012.8173076211983
1925.0,Al,0.2340420316470658,6.314922097901129
1925.0,Si,695.9760749421271,19546.48806474964
1925.0,Ca,4.03790939439546,161.83133270858127
1925.0,Ti,0.00037002405641995415,0.017711941508653944
1925.0,Fe,1.6614174874128,92.78185958456781
1925.0,Au,3.0786333704748973e-05,0.0060638917908232915
1925.0,Ag,5.597633853654429e-07,6.0380556852599596e-05
1925.0,Pd,4.130737537102333e-14,4.3959308869843025e-12
1925.0,Pt,5.056272326376168e-48,9.86377605429463e-46
1925.0,Sn,0.008700763674934262,1.032867655851446
1925.0,Sb,0.0004071621049655823,0.0495760579006093
1925.0,Cd,8.383513172699869e-11,9.423907157431923e-09
1925.0,Co,6.521329099629174e-06,0.0003843214878284461
1925.0,Mn,0.0072067851051000045,0.3959263601039841
1925.0,Bi,8.008578838599644e-11,1.6736328056905537e-08
1925.0,In,8.83325370351007e-08,1.0142341902370262e-05
1925.0,Ga,0.00019389038585781025,0.013518619373164105
1925.0,W,4.422140763554028e-130,8.129663579717726e-128
1925.0,Nd,0.0006251484234925161,0.09017140860456052
1900.0,C,218.37547276246445,2622.9078033499604
1900.0,O,856.0285554253713,13695.600858250516
1900.0,Mg,17.54040033183773,426.31943006531606
1900.0,Al,0.14880115950138645,4.014952885666409
1900.0,Si,636.2602525156441,17869.369191901864
1900.0,Ca,2.4953938479222404,100.01039463702756
1900.0,Ti,0.0002468910943681412,0.011817936014119814
1900.0,Fe,1.2034417934656245,67.2062069560878
1900.0,Ni,0.09792118971110239,5.747288387713732
1900.0,Au,3.355164483955137e-05,0.006608566829111915
1900.0,Ag,8.945261199667321e-06,0.0009649074350857146
1900.0,Pd,7.996508896001597e-15,8.5098847671249e-13
1900.0,Pt,2.372910802722411e-51,4.62907439395088e-49
1900.0,Sn,0.00923191825002602,1.0959210154605887
1900.0,Sb,0.0003781399568063084,0.04604232114073611
1900.0,Cd,7.943906680642776e-10,8.929745499710544e-08
1900.0,Co,2.7740692468739375e-06,0.00016348422292602175
1900.0,Mn,0.016318249229633673,0.8964919761776148
1900.0,Bi,6.686700267672187e-08,1.3973866219381334e-05
1900.0,In,2.5449451886386167e-07,2.9221060655948594e-05
1900.0,Ga,0.0001802616405408723,0.01256838236343124
1900.0,W,3.5256492526934346e-138,6.48155358615161e-136
1900.0,Nd,0.0005660415574299396,0.0816458342436945
1875.0,C,144.69895219868783,1737.9791148584395
1875.0,O,564.6108476924429,9033.208952231395
1875.0,Mg,12.161674306965182,295.5894940307887
1875.0,Al,0.09021334011453241,2.4341363429703136
1875.0,Si,420.8558788863408,11819.737358522882
1875.0,S,2.603831179231066,83.47882760614799
1875.0,Ca,2.603831179231066,104.35634600122268
1875.0,Ti,0.00013121868993284876,0.006281045031015671
1875.0,Fe,0.8521509543724674,47.588370046930436
1875.0,Ni,0.43172670449828116,25.339335467117614
1875.0,Au,5.720078446062445e-05,0.011266666912855817
1875.0,Ag,4.7700215651297296e-05,0.005145326861874137
1875.0,Pd,1.5607233522089368e-15,1.6609217914207506e-13
1875.0,Pt,8.882963027250302e-55,1.732888427355989e-52
1875.0,Sn,0.014691095257274231,1.7439799179910238
1875.0,Sb,0.00038740209419103763,0.047170078988700744
1875.0,Cd,3.5936243380806438e-09,4.0395931184364515e-07
1875.0,Co,1.1766503968793618e-06,6.934353783929143e-05
1875.0,Mn,0.06175339978249753,3.3926082772508495
1875.0,Bi,3.514715322964958e-07,7.345052081932168e-05
1875.0,In,1.0162920662850608e-06,0.00011669065505085068
1875.0,Ga,0.00019289877513632632,0.01344948129883008
1875.0,W,2.05351494722096e-146,3.775181878971013e-144
1875.0,Nd,0.0006219258030629392,0.08970657783379836
1850.0,C,95.66986614229106,1149.0907622350578
1850.0,O,375.00256196490864,5999.6659888765735
1850.0,Mg,8.56038215019807,208.06008816056408
1850.0,Al,0.056046650108897034,1.5122507132382597
1850.0,Si,278.8489210620647,7831.471948028086
1850.0,S,1.4822232001381603,47.520075796429424
1850.0,Ca,1.4822232001381603,59.404541415137196
1850.0,Ti,6.98225237376641e-05,0.0033421947437507673
1850.0,Fe,0.6095848415603362,34.042265476936976
1850.0,Ni,0.30330971264541495,17.80215696429734
1850.0,Au,4.900290979161909e-05,0.009651956132925838
1850.0,Ag,4.25704635994784e-05,0.004591990767548536
1850.0,Pd,3.034336685487572e-16,3.229141100695874e-14
1850.0,Pt,2.101953166319141e-58,4.100490236855381e-56
1850.0,Sn,0.011734556981568956,1.3930092592820507
1850.0,Sb,0.0003410544929106676,0.04152679505680289
1850.0,Cd,2.7770248603515267e-09,3.121653645521151e-07
1850.0,Co,3.9330896228901464e-07,2.31788770745785e-05
1850.0,Mn,0.05628909075157385,3.0924100677099644
1850.0,Bi,2.938704197335333e-07,6.141304031591379e-05
1850.0,In,8.752235685110345e-07,0.00010049317013643698
1850.0,Ga,0.00016740529111428754,0.01167199911236147
1850.0,W,6.901321948906795e-155,1.2687390270870252e-152
1850.0,Nd,0.0004974995042241388,0.07175932848928979
1825.0,C,63.49296788131377,762.6140372224596
1825.0,O,250.3286837410658,4005.0086111733117
1825.0,Mg,6.883095722931603,167.2936415458526
1825.0,Al,0.03300490180276298,0.8905382604421507
1825.0,Si,185.19100821402878,5201.089465690999
1825.0,S,0.6876922942092678,22.04741495234913
1825.0,Ca,0.6876922942092678,27.561331767319036
1825.0,Ti,3.693851313625962e-05,0.0017681358082933393
1825.0,Fe,0.4381043100381188,24.465935194078742
1825.0,Ni,0.2139131406735777,12.555203965554295
1825.0,Au,4.249177711542404e-05,0.008369477863093727
1825.0,Ag,3.8202674102302195e-05,0.004120846050067133
1825.0,Pd,6.057571790595496e-17,6.446467899551726e-15
1825.0,Pt,4.33858485472235e-62,8.463711334592361e-60
1825.0,Sn,0.008883894502155133,1.0546071163508357
1825.0,Sb,0.0003027133497489223,0.03685837746542878
1825.0,Cd,2.149027375707457e-09,2.415721673032752e-07
1825.0,Co,1.298306767358384e-07,7.651311272073163e-06
1825.0,Mn,0.05167143304747759,2.8387251887623237
1825.0,Bi,2.4662996854501675e-07,5.15407308265376e-05
1825.0,In,7.585526430513617e-07,8.709701447515734e-05
1825.0,Ga,0.00014647973057160647,0.010213006254644118
1825.0,W,1.8407494776562164e-163,3.384033839723188e-161
1825.0,Nd,0.0004042560248417081,0.05830988902316798
1800.0,Ti,3.932714378607951e-05,0.0018824723916082678
1800.0,C,41.634291335830476,500.0694732346598
1800.0,O,166.91882702924963,2670.5343136409647
1800.0,Mg,4.562570793302668,110.89328313122134
1800.0,Al,0.02083465565805228,0.5621606789655667
1800.0,Si,122.79679346206042,3448.747944381967
1800.0,S,0.3026837428653023,9.704040796261593
1800.0,Ca,0.3026837428653023,12.130959046555587
1800.0,Fe,0.31818242497337523,17.768897522638138
1800.0,Ni,0.15072087349047522,8.846260227776462
1800.0,Au,3.729372982154824e-05,0.0073456340817608925
1800.0,Ag,3.437187793411911e-05,0.00370762572899756
1800.0,Pd,1.2357082892875819e-17,1.3150407614598447e-15
1800.0,Pt,7.712446062279214e-66,1.504543977829429e-63
1800.0,Sn,0.006320189195022647,0.7502696593411383
1800.0,Sb,0.00027026239235639825,0.03290714889331505
1800.0,Cd,1.660354074763641e-09,1.8664040154418088e-07
1800.0,Co,4.2105007287827716e-08,2.4813743944935506e-06
1800.0,Mn,0.04766677503072676,2.618717286638067
1800.0,Bi,2.0710832369083527e-07,4.328149748491075e-05
1800.0,In,6.594208677803876e-07,7.57147040385441e-05
1800.0,Ga,0.00012966663689068967,0.009040746923929555
1800.0,W,3.8358053943988745e-172,7.051744637062891e-170
1800.0,Nd,0.0003344651949552099,0.04824325972033948
1775.0,C,26.946609504535918,323.6557267589809
1775.0,O,111.20898445494413,1779.2325422946512
1775.0,Mg,2.9974867118902164,72.85391453249171
1775.0,Al,0.012853209141610682,0.3468052890589394
1775.0,Si,81.05235837606287,2276.355484991726
1775.0,S,0.12847133186731774,4.118790899666207
1775.0,Ca,0.12847133186731774,5.148874038578361
1775.0,Fe,0.23100174602677473,12.900292506865235
1775.0,Ni,0.10577689332065215,6.208363199669036
1775.0,Au,3.296324883928982e-05,0.006492672234128399
1775.0,Ag,3.095252695094234e-05,0.003338787177144248
1775.0,Pd,2.5403686390997594e-18,2.703460305729964e-16
1775.0,Pt,1.1605834456494265e-69,2.2640661857729012e-67
1775.0,Sn,0.0041940551669474085,0.49787628886832686
1775.0,Sb,0.00024403285951018225,0.029713440973959792
1775.0,Cd,1.2782743022454563e-09,1.4369081431541175e-07
1775.0,Co,1.3240634087667432e-08,7.803102886885048e-07
1775.0,Mn,0.0440862386255541,2.4220097776106915
1775.0,Bi,1.7372415067596643e-07,3.630487300826346e-05
1775.0,In,5.733411560009656e-07,6.583103153203087e-05
1775.0,Ga,0.00011506190473722038,0.008022461183993216
1775.0,W,6.121589687794683e-181,1.1253930482041746e-178
1775.0,Nd,0.00027962399502852106,0.04033296504291388
1750.0,C,17.04274478695991,204.70040763617547
1750.0,O,74.1796108800873,1186.7995944705167
1750.0,Mg,1.9552248494410314,47.52173996566427
1750.0,Al,0.008205081535990299,0.22138951000409024
1750.0,Si,53.154937802283044,1492.8564281771194
1750.0,S,0.05307215262335968,1.7014932131049114
1750.0,Ca,0.05307215262335968,2.1270257328390096
1750.0,Fe,0.162331505264621,9.06540291150276
1750.0,Ni,0.07377961609533548,4.3303470074835255
1750.0,Cu,2.4147275148030363,153.44627465567373
1750.0,Au,0.00038964753034328553,0.07674770510912593
1750.0,Ag,0.00042129575275738184,0.045444330258433266
1750.0,Pd,5.946515927469466e-19,6.328282250013006e-17
1750.0,Pt,1.4627998576856177e-73,2.8536299623731033e-71
1750.0,Sn,0.2722593859116408,32.319911701570874
1750.0,Sb,0.027017909006974976,3.2897006006892733
1750.0,Cd,4.242790718874557e-08,4.7693210470868895e-06
1750.0,Co,4.695632925686952e-09,2.7672773520950916e-07
1750.0,Mn,0.20503540103998763,11.26423486233484
1750.0,Bi,2.5429494110753855e-06,0.000531425567926534
1750.0,In,5.784077695990603e-05,0.00664127801053641
1750.0,Ga,0.021401375922943312,1.4921681334753765
1750.0,W,7.383737063560542e-190,1.3574262217649702e-187
1750.0,Nd,0.0012230785107696608,0.17641684439341587
1725.0,C,10.314806535333599,123.89114129589184
1725.0,O,49.7740982427149,796.3357977851957
1725.0,Mg,1.2630053356951774,30.697344684071286
1725.0,Al,0.005021578602633771,0.13549223385626438
1725.0,Si,34.57035298884346,970.9083636916686
1725.0,Ca,0.021388969642486808,0.8572271253315863
1725.0,Fe,0.11312240225811603,6.317320554104489
1725.0,Ni,0.051239671534144195,3.007410041353525
1725.0,Cu,2.02380385985927,128.60464007861717
1725.0,Au,1.6291168368303468e-05,0.003208822559999629
1725.0,Ag,0.000443977802320419,0.04789099758069895
1725.0,Pd,5.871740062723591e-20,6.248705774750446e-18
1725.0,Pt,1.3900635181123922e-78,2.711735911133655e-76
1725.0,Sn,0.14854221162193448,17.63344594163984
1725.0,Sb,0.0236952379617321,2.8851321742205007
1725.0,Cd,3.8955862379126584e-08,4.379028490037619e-06
1725.0,Co,7.80310294042772e-10,4.598602655882268e-08
1725.0,Mn,0.2097141176098465,11.521274193249749
1725.0,Bi,2.483452687118932e-06,0.0005189919425541144
1725.0,In,5.981701738612045e-05,0.00686818993627435
1725.0,Ga,0.01885800287917211,1.314836534744517
1725.0,W,6.045848891545227e-200,1.1114688602216744e-197
1725.0,Nd,0.0005330292858419449,0.07688414418984214
1700.0,C,27.253396912853937,327.3405503202886
1700.0,O,55.41783116936507,886.6298808786719
1700.0,Mg,0.9712378055248209,23.60593486328077
1700.0,Al,0.003861121334144379,0.10418077583788364
1700.0,Si,27.22329668192013,764.5662873117268
1700.0,Ca,0.009590428268649559,0.38436518415093707
1700.0,Cr,0.06655061788157503,3.460365927370375
1700.0,Fe,0.07821694549923616,4.3680253214048435
1700.0,Ni,0.03606234616802328,2.11660728363979
1700.0,Cu,1.5171303774011953,96.40756696233636
1700.0,Au,5.706225763161588e-07,0.00011239381698926486
1700.0,Ag,0.0004663636186742658,0.050305710819155705
1700.0,Pd,5.2887128609702885e-21,5.6282482266445815e-19
1700.0,Pt,9.359438156539746e-84,1.8258391955777736e-81
1700.0,Sn,0.06268193162541828,7.440972103253404
1700.0,Sb,0.01861794911185013,2.266921483858872
1700.0,Cd,3.323677542317805e-08,3.7361459253194447e-06
1700.0,Co,1.187445272245294e-10,6.9979712229231906e-09
1700.0,Mn,0.1999111307853291,10.982717703084411
1700.0,Bi,2.387088776619802e-06,0.0004988538125380061
1700.0,In,5.646971869244176e-05,0.006483853100266162
1700.0,Ga,0.015130046773985823,1.0549122512226135
1700.0,W,3.151228964880143e-210,5.793219329035655e-208
1700.0,Nd,0.00021428139254219683,0.03090794806028647
1675.0,C,20.353856580245875,244.47017138533317
1675.0,O,35.840915573904795,573.4188082669028
1675.0,Mg,0.570957927200891,13.877132420617656
1675.0,Al,0.0020427879145619313,0.05511850351071003
1675.0,Si,17.63497882335195,495.27838025383954
1675.0,Ca,0.002961281907154721,0.11868225627494693
1675.0,Cr,0.172061682470318,8.946519241726655
1675.0,Fe,0.053334839942990306,2.9784841366162937
1675.0,Ni,0.023880979809228483,1.4016463479430472
1675.0,Cu,1.1238464307885254,71.41594529088763
1675.0,Au,1.8451711352581368e-08,3.6343782299838944e-06
1675.0,Ag,0.0005435613213983241,0.058632872616594424
1675.0,Pd,4.485572382644924e-22,4.773546129610729e-20
1675.0,Pt,4.672519843831045e-89,9.115151711345603e-87
1675.0,Sn,0.024378167918819454,2.8939323136430573
1675.0,Sb,0.014976669655612493,1.8235592972673773
1675.0,Cd,2.9327816070783844e-08,3.2967398045168117e-06
1675.0,Co,1.4932795749231398e-11,8.80034451889454e-10
1675.0,Mn,0.19101920267866834,10.494212956760682
1675.0,Bi,2.5258768660189506e-06,0.0005278577474606403
1675.0,In,5.389694815267444e-05,0.006188447586890079
1675.0,Ga,0.012194772123282564,0.8502560967516302
1675.0,W,1.2757488741312214e-220,2.3453367302028373e-218
1675.0,Nd,8.52948725068619e-05,0.012302932410389761
1650.0,C,15.574431620247218,187.06449819078932
1650.0,O,23.307562284410665,372.89768898828623
1650.0,Mg,0.29053727972540816,7.061508583726045
1650.0,Al,0.0008847304786025511,0.023871797773654033
1650.0,Si,11.508512502342628,323.2165736282927
1650.0,Ca,0.0007467920387611392,0.029929931329468938
1650.0,Cr,0.11769775910720012,6.119812682537978
1650.0,Fe,0.0360119992711518,2.0110900992974723
1650.0,Ni,0.015624283950527978,0.9170360979083386
1650.0,Cu,0.8259885347150419,52.48826742700205
1650.0,Au,5.491351624228057e-10,1.0816150553693277e-07
1650.0,Ag,0.0004929325227032524,0.053171645358954425
1650.0,Pd,3.414746142829984e-23,3.6339728451996695e-21
1650.0,Pt,1.6329785840431054e-94,3.18561462175129e-92
1650.0,Sn,0.00990300726964495,1.175585992979552
1650.0,Sb,0.011968070486639283,1.4572322624531993
1650.0,Cd,2.3392425112121204e-08,2.6295425068535443e-06
1650.0,Co,1.2564131880553428e-12,7.404419841166553e-11
1650.0,Mn,0.15432937811608555,8.478547374941508
1650.0,Bi,2.1175486866260512e-06,0.00044252532453111214
1650.0,In,4.9646828720740305e-05,0.0057004488737154016
1650.0,Ga,0.009861122003510163,0.6875470094507391
1650.0,W,4.1508633476736385e-231,7.630947178363218e-229
1650.0,Nd,3.0643692603650956e-05,0.004420046221150614
1625.0,C,15.439580724057496,185.44480407665458
1625.0,O,19.198050914422357,307.14961657984327
1625.0,Mg,0.14524954288678074,3.530290139863206
1625.0,Al,0.00037703735532923944,0.010173221921493537
1625.0,Si,9.526400685767788,267.5489632597883
1625.0,Ca,0.0001904328865699201,0.007632169227949259
1625.0,Cr,0.07959508107425235,4.138625835536826
1625.0,Fe,0.02400685836561184,1.340663005427593
1625.0,Ni,0.010126743078627494,0.5943689315138835
1625.0,Cu,0.6018326694602735,38.244058813522535
1625.0,Au,1.5132472870217527e-11,2.980597783828136e-09
1625.0,Ag,0.000463749025055279,0.05002367983466283
1625.0,Pd,2.5363913296653258e-24,2.69922765302984e-22
1625.0,Pt,4.4507002920898396e-100,8.68242612980886e-98
1625.0,Sn,0.004538244075908131,0.5387349542510542
1625.0,Sb,0.00949312244932347,1.1558825894296259
1625.0,Cd,1.883081804815907e-08,2.116772256793561e-06
1625.0,Co,1.0530167318639487e-13,6.205743505893809e-12
1625.0,Mn,0.1459906517863834,8.020434427840332
1625.0,Bi,1.8302862995461823e-06,0.0003824932308791612
1625.0,In,4.5937011115836906e-05,0.005274487616320394
1625.0,Ga,0.008029499486118235,0.5598407926706217
1625.0,W,1.23469969048939e-241,2.2698719109956945e-239
1625.0,Nd,1.1240496285484914e-05,0.001621329184218344
1600.0,C,14.91901570506489,179.1922976335344
1600.0,O,16.67358255015976,266.76064722000604
1600.0,Mg,0.0710600696514999,1.727114992879705
1600.0,Al,0.000158008725745191,0.004263391438056744
1600.0,Si,8.30126124025413,233.14092193253725
1600.0,Ca,5.1922966173710314e-05,0.002080968638309962
1600.0,Cr,0.0531286520949716,2.7624773943301433
1600.0,Fe,0.01577499151877774,0.880954401366143
1600.0,Ni,0.006560650266448309,0.3850642460886506
1600.0,Cu,0.4339811063686524,27.577763385302383
1600.0,Au,3.841687231555412e-13,7.566856089377748e-11
1600.0,Ag,0.000435723731541842,0.047000647473955416
1600.0,Pd,1.7725093506081427e-25,1.8863044509171856e-23
1600.0,Pt,9.202115032757454e-106,1.7951486005903243e-103
1600.0,Sn,0.002465375247356057,0.29266469561363756
1600.0,Sb,0.007662152684770045,0.9329437108976006
1600.0,Cd,1.5055458219568147e-08,1.6923840584616555e-06
1600.0,Co,8.13458841192516e-15,4.793956988799854e-13
1600.0,Mn,0.13676141927906205,7.513398852353111
1600.0,Bi,1.574825372207969e-06,0.00032910700628402135
1600.0,In,4.2395868378829906e-05,0.00486789360725725
1600.0,Ga,0.006553202443152254,0.4569089339439046
1600.0,W,3.351537199443443e-252,6.161465987456826e-250
1600.0,Nd,4.082841398100874e-06,0.00058890904326207
1575.0,Ca,2.7148327944370978e-05,0.0010880506873545
1575.0,C,11.09224276716526,133.22892787642192
1575.0,O,11.82146395285102,189.13160178166348
1575.0,Mg,0.03397231116940777,0.8256970229724558
1575.0,Al,6.514721253552503e-05,0.0017578020886335364
1575.0,Si,5.893745820840807,165.52585137831406
1575.0,Cr,0.03496696121622849,1.8181421153990167
1575.0,Fe,0.010218207232641979,0.5706357829068913
1575.0,Ni,0.004255279524929205,0.2497551211566698
1575.0,Cu,0.3094050247709299,19.661451704093512
1575.0,Au,8.96513930098132e-15,1.765836592696388e-12
1575.0,Ag,0.0004088682138830856,0.04410379649514068
1575.0,Pd,1.5268905548849993e-26,1.6249169285086163e-24
1575.0,Pt,1.4761654077227288e-111,2.8797034773854994e-109
1575.0,Sn,0.0015912950804401204,0.1889026389990467
1575.0,Sb,0.006229630954461538,0.7585198650152369
1575.0,Cd,1.1948062484908153e-08,1.3430817039285255e-06
1575.0,Co,7.389293134285862e-16,4.354732122828687e-14
1575.0,Mn,0.12943140175433254,7.110702349579522
1575.0,Bi,1.347714368001886e-06,0.00028164534862503413
1575.0,In,3.902008968704334e-05,0.004480286697866316
1575.0,Ga,0.005374247708632815,0.3747086729890058
1575.0,W,8.762303575906049e-263,1.610861889394568e-260
1575.0,Nd,1.5352401660163682e-06,0.00022144304154620096
1550.0,Al,4.393387989148385e-05,0.0011854239472320173
1550.0,C,6.2578075872267345,75.1625269301803
1550.0,O,6.43570757648204,102.96488551613616
1550.0,Mg,0.01584869979491328,0.38520264851536723
1550.0,Si,3.21785378824102,90.37342364274905
1550.0,Cr,0.022686799819002918,1.1796228433888758
1550.0,Fe,0.0065228092482224696,0.3642662824669838
1550.0,Ni,0.002723472825842714,0.1598487905671864
1550.0,Cu,0.21808518787487477,13.858441348696791
1550.0,Au,1.9186007145714088e-16,3.779010269469867e-14
1550.0,Ag,0.0003831783911209752,0.04133268669343735
1550.0,Pd,1.2288094215586374e-27,1.307698986422702e-25
1550.0,Pt,1.75870767686421e-117,3.430886936026701e-115
1550.0,Sn,0.0011538974765358315,0.13697916943956856
1550.0,Sb,0.005083252386691115,0.6189368106035101
1550.0,Cd,9.410920277962339e-09,1.0578815484457465e-06
1550.0,Co,6.253896393390728e-17,3.685608761516958e-15
1550.0,Mn,0.12245001955124475,6.727159174106284
1550.0,Bi,1.1473944042906418e-06,0.00023978248260865832
1550.0,In,3.580725224381576e-05,0.004111388702634925
1550.0,Ga,0.004412518407879547,0.30765402095258565
1550.0,W,2.1921218526940194e-273,4.029996813992685e-271
1550.0,Nd,5.776298548636831e-07,8.331733026553766e-05
1525.0,C,3.7011163194819647,44.45410811329788
1525.0,O,3.2269046691664807,51.62724780199453
1525.0,Na,11.929104588949823,274.2501144999564
1525.0,Mg,0.0072136340082295525,0.17532737457001926
1525.0,Si,1.6134523345832403,45.313808816770305
1525.0,S,5.964552294474911,191.22354656086569
1525.0,Cr,0.01451572442063397,0.7547596069752839
1525.0,Fe,0.004104712710941198,0.2292276813425112
1525.0,Ni,0.001755421867288616,0.10303097565677073
1525.0,Cu,0.1520786119812221,9.66398747695874
1525.0,Au,3.755586962409162e-18,7.397266972248455e-16
1525.0,Ag,0.0002866511604392962,0.030920487374266
1525.0,Pd,9.154303233487074e-29,9.742009501076944e-27
1525.0,Pt,1.540736281943349e-123,3.0056683388150857e-121
1525.0,Sn,0.0011039819429540844,0.13105369644807935
1525.0,Sb,0.004152809750824791,0.5056461152604266
1525.0,Cd,6.869409004795171e-09,7.721902662290252e-07
1525.0,Co,4.6169362213279345e-18,2.7208990233151915e-16
1525.0,Mn,0.11350709106755325,6.23585256906924
1525.0,Bi,7.822673629713568e-07,0.00016347823351375415
1525.0,In,3.1831585768119896e-05,0.0036549026778955264
1525.0,Ga,0.0035843684876079784,0.24991292406149107
1525.0,W,5.419877634242853e-284,9.96390304279206e-282
1525.0,Nd,2.100945110153697e-07,3.030403226885693e-05
1500.0,C,2.112423256827901,25.372315737759916
1500.0,O,1.1598119533201852,18.555831441169644
1500.0,Na,20.54184732823398,472.2570700760992
1500.0,Mg,0.0031893646538369677,0.0775175079115075
1500.0,Si,0.5799059766600926,16.2866593544987
1500.0,S,10.27092366411699,329.28581267159075
1500.0,Cr,0.009136228697819689,0.4750473473718326
1500.0,Fe,0.0025400885754159946,0.14185124649410621
1500.0,Ni,0.0010747403810332896,0.06307973718398686
1500.0,Cu,0.1046579640811072,6.650594985498038
1500.0,Au,6.73250273338987e-20,1.3260808658876026e-17
1500.0,Ag,0.000272324657891515,0.029375116197441938
1500.0,Pd,6.935021957818298e-30,7.380250367510232e-28
1500.0,Pt,1.0739228964975599e-129,2.09500878648744e-127
1500.0,Sn,0.0015623823543023353,0.1854704092792302
1500.0,Sb,0.0034066495699819244,0.41479365164099913
1500.0,Cd,5.364389278297829e-09,6.030109987734589e-07
1500.0,Co,6.052366531817266e-19,3.566841168195869e-17
1500.0,Mn,0.10774100816303926,5.919075506461051
1500.0,Bi,6.669522054890785e-07,0.0001393796719031076
1500.0,In,2.8811657570263336e-05,0.003308154522217636
1500.0,Ga,0.002895738550887385,0.20189957898352112
1500.0,W,1.5123794162459709e-294,2.780358318826593e-292
1500.0,Nd,8.393628983222123e-08,1.2106970445399591e-05
1475.0,C,1.3269081833010479,15.937494189628884
1475.0,O,0.2688750026940952,4.30173116810283
1475.0,Na,11.879806311013802,273.1167470902073
1475.0,Mg,0.0013670876688724372,0.033227065791944586
1475.0,Si,0.1344375013470476,3.775677225331832
1475.0,S,5.939903155506901,190.43329516555124
1475.0,Cr,0.005648035662283569,0.2936752622960965
1475.0,Fe,0.001543395543995089,0.08619092415440574
1475.0,Ni,0.0006021326525626772,0.03534097177686121
1475.0,Cu,0.07097012585682776,4.509867617697976
1475.0,Au,1.095395997805868e-21,2.157568634998284e-19
1475.0,Ag,0.0002578345857141748,0.027812101091816605
1475.0,Pd,4.8252791947501965e-31,5.135062119053159e-29
1475.0,Pt,5.3375424957913936e-136,1.0412477900789852e-133
1475.0,Sn,0.0022909220792707006,0.27195536003022486
1475.0,Sb,0.0027869902599452143,0.33934393405092933
1475.0,Cd,4.14518977005705e-09,4.6596078205211296e-07
1475.0,Co,7.223939111245079e-20,4.2572840364300625e-18
1475.0,Mn,0.10203781190415068,5.60575331039023
1475.0,Bi,5.643217997824465e-07,0.00011793196971853566
1475.0,In,2.6032114534147846e-05,0.0029890073908108556
1475.0,Ga,0.002342769802317384,0.16334493892697496
1475.0,W,4.5223203527673705e-305,8.313833736527534e-303
1475.0,Nd,3.335757344407816e-08,4.811496393573834e-06
1450.0,C,1.3343861606841902,16.02731217597781
1450.0,Na,6.623065052879537,152.26426556570053
1450.0,Si,0.03219116115627213,0.9040887610739028
1450.0,S,3.3115325264397684,106.16773279765899
1450.0,Cr,0.004963659687968892,0.25809044913563056
1450.0,Fe,0.0009216036823255758,0.05146695763947178
1450.0,Ni,0.0003364711684716492,0.019748502291106505
1450.0,Cu,0.04747977578376509,3.017149831955136
1450.0,Au,1.6154489494246106e-23,3.181901332213173e-21
1450.0,Ag,0.00024377375904687594,0.026295387840868413
1450.0,Pd,3.0792699844913407e-32,3.276959117495685e-30
1450.0,Pt,1.873399616538025e-142,3.654627971942379e-140
1450.0,Sn,0.0034544904342483774,0.41008255944962485
1450.0,Sb,0.0022727194924836614,0.2767263254048106
1450.0,Cd,3.1747401196065613e-09,3.568725368449735e-07
1450.0,Co,7.83235351250991e-21,4.615840895527466e-19
1450.0,Mn,0.09661657293171008,5.307921283722289
1450.0,Bi,4.7471032159779053e-07,9.920496300750627e-05
1450.0,In,2.3475187406086663e-05,0.0026954210179668705
1450.0,Ga,0.0018696657289302553,0.1303587036182042
1450.0,W,1.499409147e-315,2.756513776e-313
1450.0,Nd,1.3215542234711042e-08,1.9062098119347207e-06
1425.0,C,1.8878129882796837,22.67452180222728
1425.0,Na,3.6452449860892417,83.80418223019166
1425.0,Si,0.008480972600836698,0.23818811549449867
1425.0,S,1.8226224930446209,58.43327712701055
1425.0,Cr,0.002185809279622405,0.11365333930324657
1425.0,Fe,0.0005401324473903469,0.030163696524513922
1425.0,Ni,0.0001867901062357142,0.010963271705292774
1425.0,Cu,0.03130460966078528,1.9892827255042613
1425.0,Au,2.151755609281707e-25,4.2382484709339e-23
1425.0,Ag,0.00023008728834533136,0.0248190556192342
1425.0,Pd,1.7957005477499585e-33,1.910984522915506e-31
1425.0,Pt,4.586332890848977e-149,8.947018203468184e-147
1425.0,Sn,0.00547964933951005,0.650489173093238
1425.0,Sb,0.0018412722590846183,0.22419331026614314
1425.0,Cd,2.4083206370313697e-09,2.7071932280869624e-07
1425.0,Co,7.678444183370445e-22,4.525137510585704e-20
1425.0,Mn,0.09144100725309773,5.023586056470683
1425.0,Bi,3.968380632916849e-07,8.293121846669631e-05
1425.0,In,2.1076219765632636e-05,0.002419971553489939
1425.0,Ga,0.0014720132880587655,0.1026331824833213
1425.0,Nd,5.219364217525498e-09,7.528410947358779e-07
1400.0,C,2.7063187768256927,32.50559482845339
1400.0,Na,1.8264876796390073,41.99095175490078
1400.0,Mg,3.2791147585063967e-05,0.0007969888420549797
1400.0,Si,0.0024836042914727894,0.0697520265260133
1400.0,S,0.9132438398195036,29.278597504613288
1400.0,Cr,0.0007212625785600201,0.0375027690348068
1400.0,Fe,0.0003103096697745751,0.017329243508561146
1400.0,Ni,0.00010235060700443168,0.006007264176911109
1400.0,Cu,0.020320091960725106,1.2912605637362375
1400.0,Au,2.579495487387942e-27,5.080754876643408e-25
1400.0,Ag,0.00021673929343432233,0.02337923410417348
1400.0,Pd,9.534548251884441e-35,1.0146666249655422e-32
1400.0,Pt,7.731816750857051e-156,1.5083228117571937e-153
1400.0,Sn,0.008805505869791314,1.0453016018029269
1400.0,Sb,0.0014765978930376727,0.17979055945626704
1400.0,Cd,1.8082750272790943e-09,2.0326819581644297e-07
1400.0,Co,6.775048773959644e-23,3.992739493957637e-21
1400.0,Mn,0.17261663892752452,9.483212909400342
1400.0,Bi,3.29394779030504e-07,6.883692092179473e-05
1400.0,In,1.8792052161287417e-05,0.0021577034291590212
1400.0,Ga,0.0011423424327771823,0.07964754144052348
1400.0,Nd,2.0552034167656858e-09,2.9644254083428254e-07
1375.0,C,3.921769526168292,47.10437377880735
1375.0,Na,0.8857942510903386,20.36440983256688
1375.0,Mg,0.0005648370760075068,0.013728365132362454
1375.0,Si,0.0007977388117404697,0.022404494527731092
1375.0,S,0.4428971255451693,14.19928184497813
1375.0,Cr,0.00022839564327571652,0.011875659867764156
1375.0,Fe,0.00017453328700022322,0.009746811412527465
1375.0,Ni,5.518769055974331e-05,0.0032391311220230142
1375.0,Cu,0.012973202422253662,0.8243951211245312
1375.0,Mn,2.1618173832114866,118.76592339887266
1375.0,Nd,1.3236823543908286e-09,1.9092794279733313e-07
1350.0,C,5.686745736378523,68.30350303964244
1350.0,Na,0.4149931451750152,9.540692407573598
1350.0,Mg,0.00021881594134943926,0.005318321454498121
1350.0,Si,0.00026574250813581675,0.007463378340994414
1350.0,S,0.2074965725875076,6.652340117155494
1350.0,Cr,6.923965669225746e-05,0.003600185189370619
1350.0,Fe,9.596315086583681e-05,0.005359062160102656
1350.0,Ni,2.9166839673044882e-05,0.0017118893209300233
1350.0,Cu,0.008221469987136654,0.5224415318025858
1350.0,Mn,1.482656190379068,81.45416578704524
1350.0,Nd,2.528187733656296e-12,3.6466579870258416e-10
1325.0,Cr,2.7486547527517602e-05,0.0014291905252408054
1325.0,Ni,2.9574238348607122e-05,0.0017358007713947977
1325.0,C,8.234736902241403,98.90742493282148
1325.0,Na,0.18807689182512694,4.323887743059668
1325.0,Mg,8.177283071425636e-05,0.001987488650510001
1325.0,Si,8.808674539263737e-05,0.0024739162443522204
1325.0,S,0.09403844591256347,3.014872575956785
1325.0,Fe,5.148212172506844e-05,0.002875019087736447
1325.0,Cu,0.005130384657385467,0.3260154234382169
1325.0,Sn,0.017356252566160024,2.0603607421288563
1325.0,Mn,0.9996784638475518,54.920335446856804
1325.0,Nd,2.238346384457581e-15,3.228590824941615e-13
1300.0,Mg,4.4767627821540524e-05,0.0010880771942025425
1300.0,Si,4.0792288061548165e-05,0.0011456514102085803
1300.0,C,11.915371107487818,143.11552237203617
1300.0,Na,0.08242825351794912,1.8950255483776501
1300.0,S,0.04121412675897456,1.3213249038927246
1300.0,Fe,2.6871117745636206e-05,0.0015006175705050539
1300.0,Cu,0.0030280116573779803,0.19241802877974112
1300.0,Sn,0.24738641057729183,29.367240799630313
1300.0,Mn,0.6591091525140154,36.21013862081498
1300.0,Nd,8.621375445121932e-19,1.2435471942043876e-16
1275.0,Fe,2.7798050238259076e-05,0.001552382115555578
1275.0,C,17.24763011155468,207.16128526988325
1275.0,S,0.017450719419066105,0.5594700645752594
1275.0,Cu,0.0017484689299489989,0.11110820662253908
1275.0,Sn,0.12472598644319806,14.80622185067204
1275.0,Mn,0.4268471151158336,23.45012681023367
1275.0,Nd,1.3950402743091276e-22,2.0122060916634858e-20
1250.0,C,401.1597337624904,4818.329562221272
1250.0,O,376.75360895639017,6027.680989693286
1250.0,Na,251.16907263759344,5774.376979938273
1250.0,S,0.00033014180227806597,0.010584346181034796
1250.0,Cu,0.0010142990086660284,0.06445464480469144
1250.0,Sn,0.0023644750366867656,0.28068683160508595
1250.0,Mn,0.2815947228308653,15.470250882882077
1250.0,Nd,9.248763436970535e-27,1.33404163814863e-24
1225.0,C,399.9125080982367,4803.34913476792
1225.0,O,369.960570897814,5918.999173794126
1225.0,Na,246.64038059854266,5670.262349960495
1225.0,Cu,0.0005431424254788724,0.03451452856948043
1225.0,Sn,0.0014259022220093715,0.1692688527747325
1225.0,Mn,0.17055639206745618,9.370027067401908
1225.0,Nd,1.4863571643944022e-32,2.143921573922486e-30
1200.0,C,204.9766327432323,2461.974335878963
1200.0,O,165.42383048223633,2646.615863885299
1200.0,Na,110.28255365482421,2535.3959085244087
1200.0,Cu,0.00027956270889181983,0.017765091899239582
1200.0,Ag,0.022635360591980916,2.4416310763357973
1200.0,Sn,0.0008494756548774799,0.10084125499050563
1200.0,Mn,0.09923308375912596,5.451667155558862
1200.0,Nd,1.320260908721227e-38,1.904344334739498e-36
1175.0,C,131.1949380003897,1575.7824003226806
1175.0,O,75.17503531287377,1202.7253899706675
1175.0,Na,50.11669020858252,1152.182707895312
1175.0,Cl,33.49411549721322,1187.3663943762087
1175.0,K,33.49411549721322,1309.5529277100425
1175.0,Cu,0.00014327245114463479,0.009104391180436962
1175.0,Ag,0.017019715749787515,1.8358826984980796
1175.0,Sn,0.0005221018828785074,0.061978714516507605
1175.0,Mn,0.057939179401942306,3.1830626379839067
1175.0,Nd,1.2476200841035809e-44,1.799567209311005e-42
1150.0,C,113.92578067207316,1368.3625516522707
1150.0,O,32.07433327273243,513.1572580304462
1150.0,Na,21.382888848488285,491.59261462674567
1150.0,Cl,58.66514229114134,2079.679294220961
1150.0,K,58.66514229114134,2293.6897332990443
1150.0,Cu,7.182044865673697e-05,0.0045639022303410074
1150.0,Ag,0.00957710002202413,1.033062625175699
1150.0,Sn,0.0003207434220776498,0.038075451634837804
1150.0,Mn,0.033320264551183594,1.8305486939129243
1150.0,Nd,7.835691071656082e-51,1.1302200801756734e-48
1125.0,C,131.04604302186675,1573.9940227356415
1125.0,O,11.718134439594689,187.47843289907544
1125.0,Na,7.8120896263964585,179.59994051085457
1125.0,Cl,38.43155767492685,1362.398719576157
1125.0,K,38.43155767492685,1502.59704197429
1125.0,Cu,3.490580415847693e-05,0.002218124231054575
1125.0,Ag,0.0052593326950800805,0.5673136991528981
1125.0,Sn,0.0001922751633847094,0.022824984645398852
1125.0,Mn,0.018711129296075223,1.0279520212677806
1125.0,Nd,2.443090278218258e-57,3.523913417302015e-55
1100.0,Cu,3.065712766322976e-05,0.0019481378344875983
1100.0,C,175.22839631384528,2104.6682681255957
1100.0,O,4.035040015413962,64.55660520660798
1100.0,Na,8.628430784100292,198.3676237264657
1100.0,Cl,31.385590177731185,1112.6191718005705
1100.0,K,25.447186070573533,994.934080987284
1100.0,Ag,0.002814407878416213,0.30358454902900006
1100.0,Sn,0.00013180509006013408,0.015646582241038515
1100.0,Mn,0.01024475632118546,0.5628264227732868
1100.0,Nd,3.921447247410655e-64,5.656295509665129e-62
1075.0,C,240.996076898486,2894.6038796277153
1075.0,O,1.3441097741846204,21.504412277179743
1075.0,Na,9.750177353015719,224.15657734583135
1075.0,Cl,25.738524322885254,912.4306872462823
1075.0,K,16.88442015265928,660.1470591286726
1075.0,Ag,0.0014599128370101305,0.15747787790260875
1075.0,Sn,0.00010979644927166783,0.013033936493039688
1075.0,Mn,0.0054400799869784395,0.29886711432462154
1075.0,Nd,2.5255677658588546e-71,3.642878945474812e-69
1050.0,C,324.36964317341017,3896.003784155829
1050.0,O,0.4640992628166446,7.425124105803497
1050.0,Na,7.07769217024528,162.71614299393897
1050.0,Cl,17.808218439537214,631.3013436815943
1050.0,K,11.039925777836363,431.6390180618461
1050.0,Pb,0.5090444141784457,105.47400261777395
1050.0,Au,2.8000559100488545e-29,5.5151861243459275e-27
1050.0,Ag,0.0013634230785239058,0.14706972063421667
1050.0,Pd,4.80064536564056e-36,5.108846798114684e-34
1050.0,Pt,8.857046191030463e-163,1.7278325709462227e-160
1050.0,Sn,0.00033216576105405733,0.03943139749472714
1050.0,Sb,0.017457182111992136,2.1255864939561624
1050.0,Cd,6.710399638588777e-07,7.543160233737643e-05
1050.0,Co,5.757840479537703e-24,3.3932681298059546e-22
1050.0,Mn,0.005277062246639144,0.2899112457058613
1050.0,Bi,0.004785158910543638,1.0000025091254094
1050.0,In,0.00026642652887609537,0.03059109404555327
1050.0,Ga,0.0005933307618239138,0.041368800706648744
1050.0,Nd,5.942326307208004e-79,8.571211465516825e-77
1025.0,C,416.92847993409333,5007.727972488395
1025.0,O,0.17378062208444378,2.780316172729016
1025.0,Na,3.990808925415305,91.74869719529786
1025.0,Cl,11.709727341619336,415.10983426040553
1025.0,K,7.834772164260327,306.3239220782503
1025.0,Pb,0.4074307596828764,84.41965340629199
1025.0,Au,1.1237565166729223e-35,2.213429498195155e-33
1025.0,Ag,2.0416431882606604e-06,0.0002202279674313009
1025.0,Pd,2.9479352230299726e-43,3.1371926643484967e-41
1025.0,Pt,5.48733993666213e-178,1.0704702748440484e-175
1025.0,Sn,1.5749373692688993e-07,1.86960815105911e-05
1025.0,Sb,0.0035882458471390294,0.4369048143476482
1025.0,Cd,7.29585402780137e-07,8.20126951265152e-05
1025.0,Co,1.269203902830464e-32,7.479799360550773e-31
1025.0,Mn,4.3041667611567025e-05,0.0023646231352442695
1025.0,Bi,0.004326118040495962,0.9040721481028461
1025.0,In,0.00019877181014471887,0.02282297924081662
1025.0,Ga,0.00973845702947271,0.6789944394659257
1025.0,Nd,3.319580729985385e-84,4.7881632449309195e-82
1000.0,C,503.08188979316714,6042.51657830573
1000.0,O,0.026064402568177734,0.4170043766882756
1000.0,F,0.08330756948009216,1.5826772049827909
1000.0,Na,2.156975986998084,49.58887794108594
1000.0,Cl,6.698240978527705,237.45264268880717
1000.0,K,4.5586412599084065,178.23375597989886
1000.0,Pb,0.24758806004670678,51.30024604167764
1000.0,Li,0.08330756948009216,0.5781545321918397
1000.0,Au,2.0987415762477485e-42,4.133828320487903e-40
1000.0,Ag,1.7505805016522525e-09,1.8883161755222516e-07
1000.0,Pd,8.035396118890479e-51,8.551268549723248e-49
1000.0,Pt,8.890051648629785e-194,1.7342712756146986e-191
1000.0,Sn,6.629173778754778e-11,7.869492192759796e-09
1000.0,Sb,5.3132149533692854e-05,0.006469370527222442
1000.0,Cd,6.151700723756362e-07,6.915126783574526e-05
1000.0,Co,1.0908381577336003e-41,6.428636514971426e-40
1000.0,Mn,2.0781056707523018e-07,1.1416696933978997e-05
1000.0,Bi,0.007877405957441783,1.6462202969861837
1000.0,In,0.0001183114588567032,0.013584521705926661
1000.0,Ga,0.011682325619012791,0.8145267891344288
1000.0,Nd,1.0049340999619423e-89,1.4495169457851056e-87
975.0,C,568.3042336899226,6825.90215084966
975.0,F,0.053757828848235226,1.0212912324587728
975.0,Na,1.122320244827767,25.80214242859036
975.0,Cl,3.534771903377524,125.30766397473323
975.0,K,2.4124516585497573,94.3220349459784
975.0,Pb,0.14544979377275902,30.137197269715667
975.0,Li,0.053757828848235226,0.3730793322067525
975.0,Au,2.2730483544736934e-49,4.477155152356199e-47
975.0,Ag,1.0821151621742264e-12,1.1672559831340945e-10
975.0,Pd,1.2079468278649063e-58,1.2854970142138333e-56
975.0,Pt,4.557629986712356e-210,8.891024578078463e-208
975.0,Sn,3.159473447307726e-14,3.750610929299001e-12
975.0,Sb,3.734833749219459e-07,4.547533573049614e-05
975.0,Cd,5.127202665434623e-07,5.763488516215059e-05
975.0,Co,4.5139861244195123e-51,2.660227442704151e-49
975.0,Mn,7.480108582680265e-10,4.109422053152884e-08
975.0,Bi,9.507881410509285e-15,1.9869570571682302e-12
975.0,In,6.977194507685382e-05,0.008011214733724355
975.0,Ga,0.004319643445203925,0.3011784999299532
975.0,Nd,2.0717299424989366e-95,2.9882632690604664e-93
950.0,C,581.2009806832067,6980.804978985995
950.0,F,0.026711260192534447,0.5074605211377694
950.0,Na,0.5592955516831044,12.858204733194569
950.0,Cl,1.7817568752427644,63.163281227356
950.0,K,1.22246132355966,47.79579282853558
950.0,Pb,0.08228775756774175,17.05002336803609
950.0,Li,0.026711260192534447,0.18537614573618907
950.0,Au,1.3921541730729132e-56,2.742084310076525e-54
950.0,Ag,4.755164337384922e-16,5.1293006674503675e-14
950.0,Pd,9.733935794873936e-67,1.0358854472904842e-64
950.0,Pt,6.985390384147873e-227,1.3627099561395672e-224
950.0,Sn,1.7326862907394704e-17,2.056871895736825e-15
950.0,Sb,1.601701287051528e-09,1.9502314871139406e-07
950.0,Cd,4.204896154959875e-07,4.7267237677903956e-05
950.0,Co,8.68399465011716e-61,5.117738567153546e-59
950.0,Mn,1.979905361463078e-12,1.087720407480586e-10
950.0,Bi,1.0543790307976465e-26,2.2034412985609216e-24
950.0,In,4.001119948766166e-05,0.004594085925173312
950.0,Ga,0.0015546107049941164,0.10839212218430477
950.0,Nd,2.861901664173763e-101,4.128006960404236e-99
925.0,C,545.1653090629977,6547.980527155665
925.0,O,0.005219405897811408,0.08350527495908473
925.0,F,0.015924725129098708,0.30253792800261725
925.0,Na,0.2665498657334114,6.127981413211128
925.0,Cl,0.8558561120313195,30.34009917151028
925.0,K,0.5927858502297824,23.17674117228403
925.0,Pb,0.044876191776488786,9.298346936088477
925.0,Au,4.709513607242597e-64,9.276187666777526e-62
925.0,Ag,1.4687449440897782e-19,1.584305796290762e-17
925.0,Pd,4.092329793831143e-75,4.3550573665951026e-73
925.0,Pt,3.021445382698805e-244,5.89423565256883e-242
925.0,Sn,1.1350184808008907e-20,1.3473804385587373e-18
925.0,Sb,5.324412258597797e-12,6.483004366068678e-10
925.0,Cd,3.3936737136224565e-07,3.814828621483003e-05
925.0,Co,7.505851635365668e-71,4.4234235442700493e-69
925.0,Mn,3.810977998239376e-15,2.0936750926727484e-13
925.0,Bi,1.0767621158142623e-38,2.250217469628645e-36
925.0,In,2.727316971830969e-05,0.0031315053470563183
925.0,Ga,0.0005708171135457243,0.03979908160774853
925.0,Nd,2.6128855493687153e-107,3.7688261164094355e-105
900.0,C,475.1212212249223,5706.680988132542
900.0,F,0.006605416448347158,0.1254897016856993
900.0,Na,0.12156480953003282,2.794774971095454
900.0,Cl,0.3969044752144749,14.070263646353137
900.0,K,0.2753396656844421,10.765230248930317
900.0,Pb,0.02354659203177045,4.878853868982837
900.0,Au,8.566540604628611e-72,1.6873258032718838e-69
900.0,Ag,3.142589424791936e-23,3.3898483607345655e-21
900.0,Pd,8.704666420064173e-84,9.263506004232293e-82
900.0,Pt,3.4603276986058464e-262,6.750407274440285e-260
900.0,Sn,7.644956185206332e-24,9.075327487458436e-22
900.0,Sb,1.3723794117177043e-14,1.6710091717074767e-12
900.0,Cd,2.689233252020591e-07,3.0229670985963465e-05
900.0,Co,2.805016510783503e-81,1.653080380300042e-79
900.0,Mn,5.263068145019095e-18,2.8914243775105903e-16
900.0,Bi,1.0137071040707193e-50,2.1184451060869892e-48
900.0,In,1.681098854293773e-05,0.0019302377045001102
900.0,Ga,0.00017624074149859067,0.012288033219506236
900.0,Nd,1.5511464259349736e-113,2.2373736047686062e-111
875.0,H,0.003692646007635487,0.0037221871756965706
875.0,C,384.0782958865867,4613.164411893793
875.0,O,0.003692646007635487,0.05907864347616015
875.0,F,0.002683594267231828,0.05098292388887027
875.0,Na,0.052937338695540105,1.217029416610467
875.0,Cl,0.2662218085370296,9.437563112637699
875.0,K,0.12232539630709804,4.7826783448149195
875.0,Pb,0.011901293578177402,2.4659480293983576
875.0,Li,0.09465171954202689,0.6568829336216666
875.0,Ga,5.482225044166984e-05,0.0038223717675445463
875.0,Nd,5.888578922509178e-120,8.493686237827238e-118
850.0,C,288.44794069100385,3464.548215639647
850.0,Na,0.02198510700381314,0.5054376100176641
850.0,Cl,0.5259105084682915,18.643527525200934
850.0,K,0.05193330104091093,2.0304882040975354
850.0,Pb,0.005747807470009355,1.1909457077859382
850.0,Li,0.47397720742738053,3.289401819546021
850.0,Ga,1.4273725269807141e-05,0.0009952069469867633
850.0,Nd,4.3351432644765434e-131,6.253010644680967e-129
825.0,C,200.74790577277824,2411.1830962368394
825.0,Na,0.00868037938921436,0.19956192215803814
825.0,Cl,0.20734813118631149,7.350491250554743
825.0,K,0.02100973571415775,0.8214386469521396
825.0,Pb,0.002692440541078282,0.55787368011142
825.0,Li,0.20734813118631149,1.4389960304330018
825.0,Ga,5.877129853174625e-06,0.0004097711247528944
825.0,Nd,1.2625135998209936e-142,1.8210496163818014e-140
800.0,C,128.44253023177345,1542.7232306138308
800.0,Na,0.003250267306579376,0.07472364537825985
800.0,Cl,0.08688637330517693,3.080121933668522
800.0,K,0.008082277169918897,0.316000872789489
800.0,Pb,0.0012402145293978586,0.2569724504912363
800.0,Li,0.08688637330517693,0.6029914307379279
800.0,Ga,2.643230447610501e-06,0.00018429395649874697
800.0,Nd,1.4698175386284125e-154,2.1200648177176223e-152
775.0,C,74.71468253453438,897.3980519222923
775.0,Na,0.0011481887574758941,0.026396859534370806
775.0,Cl,0.03453048914595788,1.224105840224207
775.0,K,0.002942385006627697,0.1150413689891297
775.0,Pb,0.000538644104814091,0.11160705851747965
775.0,Li,0.03453048914595788,0.2396415946729477
775.0,Ga,7.690455463336431e-07,5.36201626270206e-05
775.0,Nd,6.907527703121659e-167,9.96341795898268e-165
750.0,C,39.676234481708164,476.5512523597967
750.0,Na,0.00038042850261841025,0.008746051275197252
750.0,K,0.0010081539581455498,0.0394168034555747
750.0,Pb,0.0002182676595367593,0.04522505905601652
750.0,Li,0.01292449535534405,0.08969599776608772
750.0,Ga,2.0020625226172585e-07,1.395898052644431e-05
750.0,Nd,1.32846832563786e-179,1.9161827129000494e-177
725.0,C,21.49781292933266,258.2102310942146
725.0,Na,0.00011744070603025717,0.0026999618316356122
725.0,K,0.0003230713346271231,0.012631443041251257
725.0,Pb,9.26300769306827e-05,0.019192951940037454
725.0,Li,0.004526029677391161,0.03141064596109466
725.0,Ga,6.57685840113703e-08,4.585582983024772e-06
725.0,Nd,1.0479588449946127e-192,1.5115758380202296e-190
700.0,C,17.286737857608347,207.63100840773384
700.0,Na,3.3526148197501136e-05,0.0007707661470605511
700.0,K,9.614263892024217e-05,0.003758984896503628
700.0,Zn,2.843080043880181,185.88057326888622
700.0,Pb,3.6793469770640104e-05,0.0076236069364766295
700.0,Li,0.0014721175256273795,0.010216495627854014
700.0,Au,8.146119746507523e-80,1.6045167681103474e-77
700.0,Ag,4.595475428842277e-27,4.957047435583587e-25
700.0,Pd,9.06951145987034e-93,9.651774095594016e-91
700.0,Pt,9.801947686545207e-281,1.9121639546912392e-278
700.0,Sn,5.862711983977207e-27,6.959625396179342e-25
700.0,Sb,2.752009816545159e-17,3.350847152625386e-15
700.0,Cd,0.001976407864896181,0.2221680080929797
700.0,Co,4.351923043745651e-92,2.5647188073706245e-90
700.0,Mn,5.147957257091509e-21,2.828184757900933e-19
700.0,Bi,8.816359305434405e-63,1.8424427676496817e-60
700.0,In,0.0005776523017147468,0.06632603728288723
700.0,Ga,1.627573944687114e-08,1.1347933814541964e-06
700.0,Nd,2.9979453563847007e-206,4.324236382049292e-204
675.0,Na,1.1393055506163187e-05,0.00026192634608669164
675.0,K,3.475303597092716e-05,0.0013587742003913102
675.0,Pb,3.0227659747636677e-05,0.006263171099710319
675.0,C,23.93547990346269,287.48904912049034
675.0,Zn,1.7967708499556778,117.4728781701022
675.0,Li,0.00044066066839676973,0.0030581850386735823
675.0,Au,8.857615729869773e-96,1.7446579974652596e-93
675.0,Ag,4.080126246555401e-37,4.40115057963438e-35
675.0,Pd,5.202244098061659e-110,5.536228169157218e-108
675.0,Pt,1.13006851865507e-310,2.2045376661923035e-308
675.0,Sn,7.33116670035078e-31,8.702827989986411e-29
675.0,Sb,1.4225016428324917e-23,1.732038000312842e-21
675.0,Cd,0.0022632668393003717,0.2544138254057548
675.0,Co,6.616150543455772e-112,3.8990959997747904e-110
675.0,Mn,1.3158182573784573e-30,7.228842342385769e-29
675.0,Bi,3.651504178489265e-80,7.630913432206865e-78
675.0,In,0.00032822474697921905,0.03768676544815393
675.0,Ga,3.718221571736761e-09,2.5924556264620217e-07
675.0,Nd,1.1453112652033287e-219,1.6519969689292814e-217
650.0,C,38.296161445259834,459.97519511901584
650.0,Zn,0.8363179219157,54.67846573484846
650.0,Li,0.00012024977613908733,0.0008345334464052661
650.0,Au,1.643346423247338e-112,3.2368501494775845e-110
650.0,Ag,1.7823119970933333e-47,1.9225443050246365e-45
650.0,Pd,4.4778245169983026e-128,4.7653008509895934e-126
650.0,Sn,2.21142455742333e-34,2.625182092117235e-32
650.0,Sb,1.1908878414268372e-29,1.450025035721317e-27
650.0,Cd,0.0020101254963293936,0.22595820704238712
650.0,Co,1.1356506406751121e-132,6.692729920690638e-131
650.0,Mn,9.564598966483643e-41,5.254599380206784e-39
650.0,Bi,7.059573927590236e-98,1.4753097593878074e-95
650.0,In,0.002625138565861833,0.3014184101322557
650.0,Ga,7.734739802347941e-10,5.392892632391055e-08
650.0,Nd,1.0850567995659204e-233,1.5650859276938837e-231
625.0,Li,3.75105206826519e-05,0.0002603230135376042
625.0,C,57.70454712400191,693.0893155063869
625.0,Zn,0.35802776110280693,23.407855020901515
625.0,Au,5.9738066195098805e-130,1.1766427684250027e-127
625.0,Ag,5.238699012599572e-58,5.650879850910906e-56
625.0,Pd,6.562074781797432e-147,6.983359982788827e-145
625.0,Sn,2.2623223957294456e-37,2.685602915970425e-35
625.0,Sb,2.1719361551967902e-35,2.6445494625676118e-33
625.0,Cd,0.0017438267193393153,0.19602356152093242
625.0,Co,2.4449176256775617e-154,1.4408633043405575e-152
625.0,Mn,2.3538030063971693e-51,1.293132295654477e-49
625.0,Bi,7.902518782528848e-116,1.6514683751728787e-113
625.0,In,0.0009175468749292226,0.10535273217937333
625.0,Ga,1.4422416553276205e-10,1.0055741493440768e-08
625.0,Nd,2.9051391155486087e-248,4.1903726602673133e-246
600.0,C,80.07328581145637,961.7602358814024
600.0,Zn,0.1431312065779709,9.357918286067736
600.0,Au,3.8341130258559116e-148,7.551937403637614e-146
600.0,Ag,1.0913746594404386e-68,1.1772440176452122e-66
600.0,Pd,1.4545522947954174e-166,1.5479345521212831e-164
600.0,Sn,8.79148752982944e-40,1.0436374846660527e-37
600.0,Sb,9.296306417285434e-41,1.1319182693686746e-38
600.0,Cd,0.0015119300697199745,0.16995605913722234
600.0,Co,5.728271472369177e-177,3.3758422268113267e-175
600.0,Mn,1.838661287060802e-62,1.0101237378854634e-60
600.0,Bi,5.028463892216447e-134,1.050848384195393e-131
600.0,In,0.00029413889421345523,0.033773027833588924
600.0,Ga,2.3706937322124985e-11,1.6529187909105204e-09
600.0,Nd,2.3817986479910623e-263,3.4355063698623085e-261
575.0,C,103.90433598549382,1247.9949795217663
575.0,Zn,0.052925533489211085,3.4602713795246207
575.0,Au,3.7689620866643706e-167,7.4236115532402115e-165
575.0,Ag,1.61406428509873e-79,1.741058863050298e-77
575.0,Pd,4.157222739287347e-187,4.4241164391495946e-185
575.0,Sn,1.3805880248426006e-41,1.638896044290651e-39
575.0,Sb,9.920403384203229e-46,1.2079083160605852e-43
575.0,Cd,0.0013092961520993465,0.14717798045748753
575.0,Co,1.2124448793803108e-200,7.145301407651986e-199
575.0,Mn,4.128669285979553e-74,2.2682083323314473e-72
575.0,Bi,1.7349160545044982e-152,3.6256275707035004e-150
575.0,In,8.5574767629625e-05,0.009825694819233542
575.0,Ga,3.3906749738764878e-12,2.3640803120359037e-10
575.0,Nd,7.051540530721991e-279,1.01711420615134e-276
550.0,C,128.23663133167227,1540.2501789247156
550.0,Zn,0.017899418880415907,1.170264006401592
550.0,In,2.227395195618853e-05,0.002557495163609567
550.0,Ga,4.3234243118311534e-13,3.0144211329380354e-11
525.0,C,152.54788819130823,1832.252685065803
525.0,Zn,0.005464166877024176,0.3572472304198406
525.0,In,5.102137662314212e-06,0.0005858274463869178
525.0,Ga,6.472312537743574e-14,4.512690470690952e-12
500.0,C,176.62978662543753,2121.50036715813
500.0,Zn,0.0014823114724580267,0.09691352406930578
500.0,In,1.0089430234765233e-06,0.0001158468379555744
500.0,Ga,2.3232998884124943e-14,1.6198743811978433e-12
475.0,C,200.44977891094342,2407.6022944993415
475.0,Zn,0.00035075153821315357,0.022932135568375978
475.0,Cd,0.013561752511939905,1.5244765998671648
475.0,In,1.6838457155023915e-07,1.933391650539846e-05
475.0,Ga,1.59322216418948e-14,1.110842289537831e-12
450.0,C,223.99078874551077,2690.3533636223297
450.0,Zn,7.079173348382497e-05,0.004628363535172476
450.0,Cd,0.0037485533478135396,0.42137488182772
450.0,In,2.3088711405914493e-08,2.6510458436271018e-06
450.0,Ga,1.1965644332432486e-14,8.342806197901902e-13
425.0,Zn,1.3633585267609953e-05,0.0008913638047963387
425.0,C,247.09458525935003,2967.853063550053
425.0,O,4.764020220672956,76.21955951054662
425.0,P,1.9056080882691822,59.02430492604965
425.0,In,2.5201577288717733e-09,2.89364510429057e-07
425.0,Ga,8.740511542289062e-15,6.094146862630203e-13
400.0,C,269.2478765620516,3233.9362453868016
400.0,O,10.975626001264727,175.59904039423438
400.0,P,4.390250400505891,135.98361590526946
400.0,In,2.120602703879216e-10,2.4348760245941156e-08
400.0,Ga,6.098213677449083e-15,4.251857522327824e-13
375.0,C,289.325362139208,3475.086924654027
375.0,O,1.8629272982365839,29.804973844487108
375.0,P,0.7451709192946335,23.08092405423198
375.0,In,1.4450131972512667e-11,1.6591641530839042e-09
375.0,Ga,4.02517807601683e-15,2.806474909941214e-13
350.0,H,18743.5334095474,18893.48167682378
350.0,C,1763.1666551487938,21177.39469499216
350.0,N,0.11354348551002988,1.5904036015389884
350.0,O,9371.802879646159,149939.4742714589
350.0,P,0.10530473739109851,3.2617089359518854
350.0,Cl,0.11354348551002988,4.0251165613305595
350.0,Cd,0.003494985961754883,0.3928713719608664
350.0,In,9.899567482813483e-12,1.136668338376644e-09
350.0,Ga,5.144037595782634e-15,3.586577332907526e-13
325.0,H,1316.0567333235178,1326.585187190106
325.0,C,20.53445618256484,246.63935320878625
325.0,O,658.0283666617589,10527.795838221482
325.0,P,0.0016343079961721656,0.050621055873436654
325.0,Cl,0.00022938965941833478,0.008131863426379969
325.0,Cd,1.3317933823127943e-06,0.00014970689410578119
325.0,In,1.3680924690854075e-16,1.5708437730038647e-14
325.0,Ga,1.864685724579331e-21,1.300114827748447e-19
300.0,Cl,1.176267330858517e-06,4.1698676878934426e-05
300.0,H,271.74375267187924,273.9177026932543
300.0,C,0.5955685053697595,7.153373317996181
300.0,O,135.87187633593962,2173.814149498698
300.0,P,6.843973704493324e-05,0.0021198524152297622
300.0,Hg,0.00353261588857545,0.7086074210893495
300.0,Cd,1.555711897255385e-09,1.7487757437047781e-07
300.0,In,1.1605341260536347e-27,1.3325252835347833e-25
