T,species,moles
2875.0,TiC(s),4.014673448840118
2850.0,TiC(s),6.712812947007603
2825.0,TiC(s),4.79633380621943
2800.0,TiC(s),3.412953322906955
2775.0,TiC(s),2.4209937968118487
2750.0,TiC(s),1.7130439561939594
2725.0,TiC(s),1.2094687235840944
2700.0,Si(L),81.50953682906385
2700.0,TiC(s),0.7975186730154148
2675.0,Si(L),187.06069177251157
2675.0,TiC(s),0.5152300124780468
2650.0,Si(L),163.62344374018915
2650.0,TiC(s),0.3878794230148386
2625.0,SiC(b),92.70371095626592
2625.0,TiC(s),0.24914200623898258
2600.0,SiC(b),82.23011922609489
2600.0,TiC(s),0.1911033812306734
2575.0,SiC(b),68.42521352684972
2575.0,TiC(s),0.15130141154586782
2550.0,SiC(b),57.42248743678188
2550.0,TiC(s),0.11913353420090593
2525.0,SiC(b),48.80111766137655
2525.0,TiC(s),0.09332151978915017
2500.0,SiC(b),42.157609974881524
2500.0,TiC(s),0.07274836684929395
2475.0,SiC(b),37.09531838373557
2475.0,TiC(s),0.05645454862390278
2450.0,SiC(b),33.22666016037496
2450.0,TiC(s),0.043627799323515314
2425.0,SiC(b),30.190321974879694
2425.0,TiC(s),0.033588988835254095
2400.0,SiC(b),27.677410678547783
2400.0,TiC(s),0.025776208033842934
2375.0,SiC(b),25.454309078613168
2375.0,TiC(s),0.019728566756024527
2350.0,SiC(b),23.37152141729971
2350.0,TiC(s),0.015070989130569593
2325.0,Fe(L),11.096300768265678
2325.0,SiC(b),21.383387886463616
2300.0,Fe(L),50.103433750700766
2300.0,SiC(b),19.514372026374325
2275.0,Fe(L),41.38238698822752
2275.0,SiC(b),17.571525559196793
2250.0,Fe(L),34.043288974408334
2250.0,SiC(b),15.738270281383707
2225.0,AL2O3(a),121.43344611569283
2225.0,Fe(L),29.292799835810804
2225.0,SiC(b),145.15207237958754
2200.0,AL2O3(a),191.24322341043717
2200.0,Fe(L),24.23340763340041
2200.0,SiC(b),219.9487117454146
2175.0,AL2O3(a),100.06595543483832
2175.0,Fe(L),18.60298318401556
2175.0,SiC(b),119.9112355367466
2150.0,AL2O3(a),50.916845827537095
2150.0,CaO(s),75.37711563563504
2150.0,Fe(L),14.819731636394962
2150.0,SiC(b),101.05347118233756
2125.0,AL2O3(a),26.04657146308368
2125.0,CaO(s),101.8679515965177
2125.0,Fe(L),11.731239842853105
2125.0,SiC(b),84.79098042064022
2100.0,AL2O3(a),14.334887197600867
2100.0,CaO(s),69.036613261862
2100.0,Fe(L),9.17187805131725
2100.0,SiC(b),54.260462827627485
2075.0,AL2O3(a),8.066679053970873
2075.0,CaO(s),47.45781001895355
2075.0,Fe(L),7.190851303895139
2075.0,SiC(b),35.5291196331472
2050.0,AL2O3(a),4.585485021997412
2050.0,CaO(s),32.98749015616318
2050.0,Fe(L),5.6332195441946435
2050.0,SiC(b),23.659516288680656
2025.0,CaO(s),22.84905871212677
2025.0,Fe(L),4.404022305235468
2025.0,MgAL2O4(s),3.2553917998556923
2025.0,SiC(b),18.387981040003368
2000.0,CaO(s),16.00117142696139
2000.0,Fe(L),3.4207415057750854
2000.0,MgAL2O4(s),1.4322067097842572
2000.0,SiC(b),11.457068126442344
1975.0,CaO(s),10.890450444442521
1975.0,Fe(L),2.6918585131399517
1975.0,MgAL2O4(s),0.5604852634251642
1975.0,Mg2SiO4(s),29.087958163947192
1975.0,SiC(b),50.75152384427046
1950.0,CaO(s),7.05733840519132
1950.0,Fe(L),2.1291650970871077
1950.0,MgAL2O4(s),0.17525000338154603
1950.0,MgSiO3(L),134.1206655183147
1950.0,SiC(b),138.3573189322455
1925.0,CaO(s),4.03790939439546
1925.0,Fe(L),1.6614174874128
1925.0,MgAL2O4(s),0.1170210158235329
1925.0,MgSiO3(L),41.55412926688366
1925.0,SiC(b),247.15621905012833
1925.0,SiO2(L),407.265726625115
1900.0,CaO(s),2.4953938479222404
1900.0,Fe(L),1.2034417934656245
1900.0,MgAL2O4(s),0.07440057975069322
1900.0,MgSiO3(L),17.465999752087036
1900.0,Ni(L),0.09792118971110239
1900.0,SiC(b),218.37547276246445
1900.0,SiO2(L),400.4187800010926
1875.0,CaS(s),2.603831179231066
1875.0,Fe(L),0.8521509543724674
1875.0,MgAL2O4(s),0.04510667005726621
1875.0,MgSiO3(L),12.116567636907915
1875.0,Ni(L),0.43172670449828116
1875.0,SiC(b),144.69895219868783
1875.0,SiO2(L),264.04035905074505
1850.0,CaS(s),1.4822232001381603
1850.0,Fe(L),0.6095848415603362
1850.0,MgAL2O4(s),0.028023325054448517
1850.0,Mg2SiO4(s),4.266179412571811
1850.0,Ni(L),0.30330971264541495
1850.0,SiC(b),95.66986614229106
1850.0,SiO2(L),178.9128755072018
1825.0,CaS(s),0.6876922942092678
1825.0,Fe(L),0.4381043100381188
1825.0,MgAL2O4(s),0.01650245090138149
1825.0,MgSiO3(III),6.866593272030222
1825.0,Ni(L),0.2139131406735777
1825.0,SiC(b),63.49296788131377
1825.0,SiO2(L),114.8314470606848
1800.0,CaS(s),0.3026837428653023
1800.0,Fe(d),0.31818242497337523
1800.0,MgAL2O4(s),0.01041732782902614
1800.0,MgSiO3(III),4.5521534654736415
1800.0,Ni(L),0.15072087349047522
1800.0,SiC(b),41.634291335830476
1800.0,SiO2(L),76.6103486607563
1775.0,CaS(s),0.12847133186731774
1775.0,Fe(d),0.23100174602677473
1775.0,MgSiO3(III),2.9974867118902164
1775.0,Ni(L),0.10577689332065215
1775.0,SiC(b),26.946609504535918
1775.0,SiO2(L),51.10826215963674
1750.0,CaS(s),0.05307215262335968
1750.0,Cu(L),2.4147275148030363
1750.0,Fe(d),0.162331505264621
1750.0,MgSiO3(III),1.9552248494410314
1750.0,Ni(L),0.07377961609533548
1750.0,SiC(b),17.04274478695991
1750.0,SiO2(L),34.1569681658821
1725.0,Cu(L),2.02380385985927
1725.0,Fe(d),0.11312240225811603
1725.0,MgSiO3(III),1.2630053356951774
1725.0,Ni(cr),0.051239671534144195
1725.0,SiC(b),10.314806535333599
1725.0,SiO2(L),22.992541117814685
1700.0,C(gr),27.253396912853937
1700.0,Cr(cr),0.06655061788157503
1700.0,Cu(L),1.5171303774011953
1700.0,Fe(d),0.07821694549923616
1700.0,MgSiO3(III),0.9712378055248209
1700.0,Ni(cr),0.03606234616802328
1700.0,SiO2(L),26.252058876395306
1675.0,C(gr),20.353856580245875
1675.0,Cr(cr),0.172061682470318
1675.0,Cu(L),1.1238464307885254
1675.0,Fe(d),0.053334839942990306
1675.0,MgSiO3(III),0.570957927200891
1675.0,Ni(cr),0.023880979809228483
1675.0,SiO2(hqz),17.06402089615106
1650.0,C(gr),15.574431620247218
1650.0,Cr(cr),0.11769775910720012
1650.0,Cu(L),0.8259885347150419
1650.0,Fe(c),0.0360119992711518
1650.0,MgSiO3(III),0.29053727972540816
1650.0,SiO2(hqz),11.21797522261722
1625.0,C(gr),15.439580724057496
1625.0,Cr(cr),0.07959508107425235
1625.0,Cu(L),0.6018326694602735
1625.0,Fe(c),0.02400685836561184
1625.0,MgSiO3(III),0.14524954288678074
1625.0,SiO2(hqz),9.381151142881007
1600.0,C(gr),14.91901570506489
1600.0,Cr(cr),0.0531286520949716
1600.0,Cu(L),0.4339811063686524
1600.0,MgSiO3(III),0.0710600696514999
1600.0,SiO2(hqz),8.23020117060263
1575.0,C(gr),11.09224276716526
1575.0,Cr(cr),0.03496696121622849
1575.0,Cu(L),0.3094050247709299
1575.0,MgSiO3(III),0.03397231116940777
1575.0,SiO2(hqz),5.859773509671399
1550.0,C(gr),6.2578075872267345
1550.0,Cr(cr),0.022686799819002918
1550.0,Cu(L),0.21808518787487477
1550.0,SiO2(hqz),3.21785378824102
1525.0,C(gr),3.7011163194819647
1525.0,Cu(L),0.1520786119812221
1525.0,Na2S(L),5.964552294474911
1525.0,SiO2(hqz),1.6134523345832403
1500.0,C(gr),2.112423256827901
1500.0,Cu(L),0.1046579640811072
1500.0,Na2S(L),10.27092366411699
1500.0,SiO2(hqz),0.5799059766600926
1475.0,C(gr),1.3269081833010479
1475.0,Cu(L),0.07097012585682776
1475.0,Na2S(L),5.939903155506901
1475.0,SiO2(hqz),0.1344375013470476
1450.0,C(gr),1.3343861606841902
1450.0,Cu(L),0.04747977578376509
1450.0,Na2S(L),3.3115325264397684
1425.0,Cu(L),0.03130460966078528
1425.0,Na2S(2),1.8226224930446209
1425.0,C(gr),1.8878129882796837
1400.0,C(gr),2.7063187768256927
1400.0,Cu(L),0.020320091960725106
1400.0,Na2S(2),0.9132438398195036
1375.0,C(gr),3.921769526168292
1375.0,Na2S(2),0.4428971255451693
1350.0,C(gr),5.686745736378523
1350.0,Na2S(2),0.2074965725875076
1325.0,C(gr),8.234736902241403
1325.0,Na2S(2),0.09403844591256347
1300.0,C(gr),11.915371107487818
1300.0,Na2S(2),0.04121412675897456
1275.0,C(gr),17.24763011155468
1250.0,C(gr),275.5751974436937
1250.0,Na2CO3(L),125.58453631879672
1225.0,C(gr),276.5923177989654
1225.0,Na2CO3(L),123.32019029927133
1200.0,C(gr),149.8353559158202
1200.0,Na2CO3(L),55.141276827412106
1175.0,C(gr),106.13659289609845
1175.0,KCL(L),33.49411549721322
1175.0,Na2CO3(L),25.05834510429126
1150.0,C(gr),103.23433624782902
1150.0,KCL(L),58.66514229114134
1150.0,Na2CO3(L),10.691444424244143
1125.0,C(gr),127.13999820866853
1125.0,KCL(L),38.43155767492685
1125.0,Na2CO3(L),3.9060448131982293
1100.0,C(gr),173.88338297537396
1100.0,KCL(L),25.447186070573533
1100.0,NaCL(L),5.938404107157651
1100.0,Na2CO3(II),1.3450133384713208
1075.0,C(gr),240.54804030709113
1075.0,KCL(L),16.88442015265928
1075.0,NaCL(L),8.854104170225972
1075.0,Na2CO3(II),0.44803659139487345
1050.0,C(gr),324.21494341913797
1050.0,KCL(L),11.039925777836363
1050.0,NaCL(s),6.76829266170085
1050.0,Na2CO3(II),0.15469975427221486
1050.0,Pb(L),0.5090444141784457
1025.0,C(gr),416.87055306006516
1025.0,KCL(s),7.834772164260327
1025.0,NaCL(s),3.874955177359009
1025.0,Na2CO3(II),0.05792687402814793
1025.0,Pb(L),0.4074307596828764
1000.0,C(gr),503.0732016589777
1000.0,KCL(s),4.5586412599084065
1000.0,LiF(s),0.08330756948009216
1000.0,NaCL(s),2.1395997186192988
1000.0,Na2CO3(II),0.008688134189392578
1000.0,Pb(L),0.24758806004670678
975.0,C(gr),568.3042336899226
975.0,KCL(s),2.4124516585497573
975.0,LiF(s),0.053757828848235226
975.0,NaCL(s),1.122320244827767
975.0,Pb(L),0.14544979377275902
950.0,C(gr),581.2009806832067
950.0,KCL(s),1.22246132355966
950.0,LiF(s),0.026711260192534447
950.0,NaCL(s),0.5592955516831044
950.0,Pb(L),0.08228775756774175
925.0,C(gr),545.1635692610317
925.0,KCL(s),0.5927858502297824
925.0,NaCL(s),0.2630702618015371
925.0,Na2CO3(II),0.001739801965937136
925.0,Pb(L),0.044876191776488786
900.0,C(gr),475.1212212249223
900.0,KCL(s),0.2753396656844421
900.0,NaCL(s),0.12156480953003282
900.0,Pb(L),0.02354659203177045
875.0,C(gr),384.0782958865867
875.0,KCL(s),0.12232539630709804
875.0,LiCL(s),0.09095907353439141
875.0,LiOH(L),0.003692646007635487
875.0,NaCL(s),0.052937338695540105
850.0,C(gr),288.44794069100385
850.0,KCL(s),0.05193330104091093
850.0,LiCL(s),0.47397720742738053
825.0,C(gr),200.74790577277824
825.0,LiCL(s),0.20734813118631149
800.0,C(gr),128.44253023177345
800.0,LiCL(s),0.08688637330517693
775.0,C(gr),74.71468253453438
775.0,LiCL(s),0.03453048914595788
750.0,C(gr),39.676234481708164
725.0,C(gr),21.49781292933266
700.0,C(gr),17.286737857608347
700.0,Zn(L),2.843080043880181
675.0,C(gr),23.93547990346269
675.0,Zn(cr),1.7967708499556778
650.0,C(gr),38.296161445259834
650.0,Zn(cr),0.8363179219157
625.0,C(gr),57.70454712400191
625.0,Zn(cr),0.35802776110280693
600.0,C(gr),80.07328581145637
600.0,Zn(cr),0.1431312065779709
575.0,C(gr),103.90433598549382
575.0,Zn(cr),0.052925533489211085
550.0,C(gr),128.23663133167227
525.0,C(gr),152.54788819130823
500.0,C(gr),176.62978662543753
475.0,C(gr),200.44977891094342
450.0,C(gr),223.99078874551077
425.0,C(gr),247.09458525935003
425.0,P4O10(s),0.47640202206729554
400.0,C(gr),269.2478765620516
400.0,P4O10(s),1.0975626001264727
375.0,C(gr),289.325362139208
375.0,P4O10(s),0.18629272982365838
350.0,C(gr),1763.1666551487938
350.0,H2O(L),9371.53961780268
350.0,NH4CL(a),0.11354348551002988
350.0,P4O10(s),0.026326184347774628
325.0,C(gr),20.53445618256484
325.0,H2O(L),658.0283666617589
300.0,C(gr),0.5955685053697595
300.0,H2O(L),135.87187633593962
300.0,Hg(L),0.00353261588857545
