,A,B,C,D1,D2,E,cold,gas
Ag,0.0,0.00016841491755563992,0.05267539252822363,0.034885775726635565,0.9122704168111608,1.6424318870117068e-11,0.0,2.5281163732460607e-89
Al,0.0,0.998001696619132,0.001998198981993154,1.0439887492415757e-07,0.0,0.0,0.0,0.0
Au,0.0,0.5809550460393849,0.41904495395553937,5.075611538336493e-12,1.551389124550164e-26,1.2593967444626258e-46,0.0,2.6855570796621263e-184
Bi,0.0,1.6369330390358356e-07,0.000987699872040944,0.0003356373583024163,0.9986764990757938,5.589190034234706e-13,0.0,1.8083564465934516e-169
C,0.014441688037991491,0.09200643783408198,0.08233610094899761,0.004316092295928646,0.219475788725976,0.36053443694843385,0.14872541067335074,0.07816404453523966
Ca,0.0,0.9246896925438529,0.07531023878726327,6.866888383020525e-08,0.0,0.0,0.0,0.0
Cd,0.0,1.7977982487168034e-07,6.759500030225638e-06,1.4270000998309386e-06,6.373996210960257e-05,0.8893733905574381,0.11055450175317776,1.4473195829791246e-09
Cl,0.0,0.0,0.0,0.0,0.9663237831157522,0.03318525085231179,0.0004909660319360901,0.0
Co,0.0,0.9996965746915936,0.0003034253084018891,4.458083114492066e-15,3.181686017145573e-23,2.494352970666596e-50,0.0,1.0377091326035322e-224
Cr,0.0,0.0,0.8371237459203439,0.16287625407965617,0.0,0.0,0.0,0.0
Cu,0.0,0.0,0.9005400956724589,0.09907052023264709,0.0003893840948941388,0.0,0.0,0.0
F,0.0,0.0,0.0,0.0,0.43361034530591447,0.5500720580070947,0.0,0.016317596686991013
Fe,0.0,0.9613999226993163,0.038501887498381404,9.80890011188601e-05,1.008011835474726e-07,0.0,0.0,0.0
Ga,0.0,0.04953858469024072,0.6117654379840299,0.15097604908163434,0.14391842750182895,0.04380150074220611,5.994424325329187e-14,0.0
H,0.0,0.0,0.0,0.0,0.0,1.4905455078510895e-07,0.8206792187488066,0.17932063219664263
Hg,0.0,0.0,0.0,0.0,0.0,0.0,0.49831745505580144,0.5016825449441986
In,0.0,0.0004525528579567974,0.05981943967409961,0.03631059914492437,0.09423149787946117,0.809185906511282,3.932275949224041e-09,1.3990625762524239e-28
K,0.0,0.0,0.0,0.0,0.976570973111181,0.02342902688881905,0.0,0.0
Li,0.0,0.0,0.0,0.0,0.07708727095891196,0.922912729041088,0.0,0.0
Mg,0.0,0.015760528333863974,0.984029221115052,0.00021025055108402167,0.0,0.0,0.0,0.0
Mn,0.0,0.01857384886865843,0.17029204917058316,0.68869565282859,0.12243844904938127,8.27872256966273e-11,0.0,2.629092518147017e-87
N,0.0,0.0,0.0,0.0,0.0,0.0,0.0013214525312839399,0.998678547468716
Na,0.0,0.0,0.0,0.07445857666134495,0.9227715029693224,0.0027699203693326,0.0,0.0
Nd,0.23768819633983385,0.6923265610851881,0.06996026861876854,2.497395620946929e-05,1.4151473249238348e-21,2.1014538657322055e-94,0.0,0.0
Ni,0.0,0.0,0.9927205666561437,0.007279433343856311,0.0,0.0,0.0,0.0
O,0.0,0.11180823262875351,0.23592669828649376,0.0013243519614479663,0.05994692928617349,0.0009102627168662974,0.5876827666129769,0.002400758507288059
P,0.0,0.0,0.0,0.0,0.0,0.8807811743362216,0.1192184826146122,3.430491662059114e-07
Pb,0.0,0.0,0.0,0.0,0.7850853509442554,0.21491464905574464,0.0,0.0
Pd,0.0,0.9999999990971387,9.028612574052124e-10,1.2420686993770331e-23,3.592719487928241e-33,9.040063463942953e-56,0.0,9.570103772340415e-206
Pt,0.0,1.0,6.73401533715144e-38,8.100441373489272e-108,4.860288525868413e-159,2.5009914424974536e-206,0.0,0.0
S,0.0,0.0,0.153314917061272,0.8458437110706,0.0005184642059451604,0.0,0.0,0.0003229076621826889
Sb,0.0,0.05829410320343444,0.6657080270785317,0.15555528974028793,0.12044043878641066,2.141191335282442e-06,0.0,1.6191083395317195e-49
Si,0.12554306480898503,0.2651318288165989,0.6069504744379667,0.0023746319364491945,0.0,0.0,0.0,0.0
Sn,0.0,0.14201503308987362,0.5063966074774686,0.2422491993692068,0.10933916006342448,2.639007840705637e-14,0.0,9.567534547324862e-43
Ti,0.9748743339668171,0.025067403400341533,5.826263284153435e-05,0.0,0.0,0.0,0.0,0.0
W,0.9971606744093334,0.0028393255906666586,4.7718389921511505e-112,1.132814268238304e-260,0.0,0.0,0.0,0.0
Zn,0.0,0.0,0.0,0.0,0.0,1.0,0.0,0.0
