,T10,T50,T90
W,3050.0,3000.0,2850.0
Ti,2875.0,2825.0,2700.0
Nd,2650.0,2350.0,2050.0
Pt,2325.0,2325.0,2325.0
Pd,2325.0,2300.0,2275.0
Co,2325.0,2275.0,2200.0
Fe,2300.0,2225.0,2075.0
Al,2225.0,2200.0,2125.0
Ca,2150.0,2100.0,2000.0
Au,2275.0,2075.0,1750.0
Mg,1975.0,1950.0,1875.0
Si,2625.0,1925.0,1825.0
Ni,1875.0,1850.0,1725.0
Sn,2100.0,1725.0,1275.0
Cu,1750.0,1700.0,1600.0
Sb,1750.0,1675.0,1050.0
Ga,1750.0,1675.0,1000.0
Cr,1700.0,1650.0,1550.0
S,1850.0,1500.0,1425.0
Mn,1700.0,1375.0,1275.0
Na,1250.0,1225.0,1175.0
Ag,1200.0,1175.0,1125.0
Cl,1175.0,1125.0,1025.0
K,1175.0,1125.0,1050.0
Pb,1050.0,1025.0,950.0
Bi,1050.0,1025.0,1000.0
F,1000.0,975.0,925.0
C,2100.0,925.0,350.0
Li,975.0,850.0,800.0
Zn,700.0,675.0,650.0
In,1050.0,650.0,625.0
Cd,675.0,475.0,350.0
P,425.0,400.0,375.0
H,350.0,350.0,
O,2100.0,350.0,350.0
Hg,300.0,,
N,,,
