element,kg_per_t,stream,form,captured,refining_yield,theoretical_lb,practical_lb
O,498.82382342240476,all,"in oxides, water",1.0,1.0,2529349048.4650545,2529349048.4650545
C,167.46482146803558,cold+gas+E,"fuel gas, carbon",0.5816453990477839,1.0,849151477.8211793,493905050.1693153
Si,135.81933764587941,ABC,silica/glass,0.9976238936527826,1.0,688689064.7699748,687052666.3119158
H,52.948665521854494,cold+gas,"water, fuel gas",0.9999998380767896,1.0,268482880.06041896,268482836.5868091
Fe,44.50043540088476,B,metal,0.9867481770864702,0.88,225645064.75504667,195936273.5577287
Al,33.59212408183243,B,oxide,0.9982689766992935,1.0,170333097.76456562,170038247.20345366
Na,17.913414499112733,D,NaCl,0.997240011141121,1.0,90832225.30797799,90581529.37810078
Ca,15.844886747320354,B,oxide,0.9237750998310347,1.0,80343494.708018,74219319.84467356
Cl,8.215008495656658,D,salts,0.9664366112942767,1.0,41655235.66829754,40257144.80193395
K,7.861300151858293,D,KCl,0.976655442201061,1.0,39861712.9438166,38931158.88203497
Mg,7.228950664807219,C,oxide,0.9836774973763306,1.0,36655305.19368877,36056998.87849338
Cu,2.8809374999999995,C,metal,0.9783006021413101,0.84,14608156.591874996,12004581.447604919
Ti,1.2972968006252683,A,TiC/oxide,0.9744974821186095,0.85,6578106.886967301,5448796.308688211
Zn,1.29591083848413,E,metal,1.0,0.92,6571079.191299429,6045392.855995475
N,1.2035268493479159,gas,N2,0.9986835280188173,1.0,6102634.534001624,6094600.586626214
S,1.0995058177971702,CD,sulfate/sulfur,0.9996763988963665,1.0,5575182.786873594,5573378.651570802
Pb,0.7572199752239033,D,metal,0.9131212990328357,0.85,3839579.294089679,2980101.387844934
Cr,0.6303751998499891,C,metal,0.992181480933117,0.85,3196396.878114551,2695694.9199510342
Mn,0.525,D,oxide,0.6748365128750018,0.85,2662078.65,1526997.6921902436
Ni,0.3899055496237883,BC,metal,0.9983286575383327,0.85,1977065.217466671,1677696.7347563487
P,0.22140337068203333,E,phosphate,0.8813574986918613,1.0,1122653.6878679558,989459.2462364951
Sn,0.15,BC,metal,0.9957974643891867,0.85,760593.8999999999,643787.8554924001
Sb,0.0225,BC,metal,0.92585861180928,0.85,114089.08499999999,89785.80758158729
Nd,0.015,AB,oxide,0.9660486601414138,0.85,76059.39,62455.51103057225
Co,0.01125,B,metal,0.9999754866497603,0.85,57044.542499999996,48486.67252507787
Ga,0.01125,BC,metal,0.8958772652288977,0.85,57044.542499999996,43439.17242146357
Ag,0.0075,D,metal,0.8799649543682095,0.95,38029.695,31791.558884046324
Li,0.007499999999999999,E,Li2CO3,0.9220483441435626,1.0,38029.694999999985,35065.21730303471
Bi,0.00375,D,metal,0.9969319805515607,0.85,19014.8475,16113.033141351758
Cd,0.00375,E,CdS,0.8958853025333708,0.85,19014.8475,14479.854044388896
F,0.0036499987191638697,DE,CaF2,0.983763407750575,1.0,18507.778405359015,18207.27515394849
W,0.0015,A,WC/oxide,0.997271542300174,0.85,7605.938999999999,6447.408539595385
Hg,0.0015,cold+gas,HgS (trap),1.0,1.0,7605.938999999999,7605.938999999999
In,0.00075,DE,metal,0.8729388893497133,0.85,3802.9694999999997,2821.7959758267093
Au,0.000375,BC,metal,1.0,0.95,1901.4847499999998,1806.4105124999999
Pd,0.00015,B,metal,0.9999999999997732,0.95,760.5938999999998,722.5642049998359
Pt,3.75e-05,B,metal,1.0,0.95,190.14847499999996,180.64105124999998
