element,kg_recovered_per_t,product_kg,price_per_kg_product,revenue_per_t
Au,0.00035625,0.00035625,110000.0,39.1875
Cu,2.3674752284244427,2.3674752284244427,9.0,21.307277055819984
Fe,38.64143669001199,38.64143669001199,0.3,11.592431007003597
Cr,0.5316296094310711,0.7761792297693637,10.0,7.761792297693637
Ag,0.0062697502998734925,0.0062697502998734925,1200.0,7.523700359848191
Ni,0.330865801334263,0.330865801334263,16.0,5.293852821348208
Pd,0.00014249999999996766,0.00014249999999996766,35000.0,4.987499999998868
Sn,0.12696417670962132,0.12696417670962132,30.0,3.8089253012886397
Zn,1.1922379714053997,1.1922379714053997,2.7,3.219042522794579
Li,0.006915362581076627,0.03678972893132766,60.0,2.2073837358796595
Si,135.49661645562415,289.8055078908472,0.005,1.449027539454236
Pt,3.5625e-05,3.5625e-05,35000.0,1.246875
Pb,0.5877186343155528,0.5877186343155528,2.0,1.1754372686311056
Sb,0.017707045950852478,0.021248455141022974,40.0,0.8499382056409189
Nd,0.012317120416803025,0.014411030887659538,50.0,0.7205515443829769
Al,33.533975332326555,63.364049756931344,0.005,0.3168202487846567
Co,0.009562265591088335,0.009562265591088335,30.0,0.28686796773265005
Na,17.8639736746707,45.409770402251226,0.005,0.22704885201125613
Ca,14.6371118368173,20.48027025470844,0.005,0.1024013512735422
K,7.67778157608843,14.6388392966085,0.005,0.0731941964830425
Mg,7.110956098614527,11.788215992355633,0.005,0.058941079961778164
F,0.003590735178249814,0.007361007115412118,0.5,0.003680503557706059
