case,all_gas_T,MWh_per_t,Au_main_band_share,Hg_left_in_gas
base,2888.671875,2.8983193801152014,0.6003073388303714,0.5062926172537233
fines x0.8,2945.80078125,2.757017437484353,0.5838570532969862,0.6187483133307549
fines x1.2,2756.8359375,2.946199791436587,0.6115089228169887,0.5331807759586664
plastics x0.8,2581.0546875,2.4331015526976745,0.61082458728504,0.5123591453578582
plastics x1.2,2950.1953125,3.1813967592568786,0.5885508616407363,0.6250330769326496
paper x0.8,2884.27734375,2.8403590409314727,0.6070578276565401,0.539681725142456
paper x1.2,2893.06640625,2.954258733168155,0.5922592361247101,0.5163453862233854
glass x0.8,2910.64453125,2.8779040852740954,0.6038147019863577,0.5143949332656876
glass x1.2,2862.3046875,2.911492954169768,0.5952984305331664,0.5314632209490966
traces x0.5,2888.671875,2.8983193801152014,0.6003073388303714,0.5062926172537233
traces x2.0,2888.671875,2.8983193801152014,0.6003073388303714,0.5062926172537233
pressure 0.5 atm,2805.17578125,2.883917061821927,0.5216691685732588,1.0
pressure 2.0 atm,2972.16796875,2.9100238512440413,0.7125335906326986,0.22171545865650727
trace activity 0.3,2888.671875,2.8983193801152014,0.9309436270922649,0.5062926172537233
trace activity 3.0,2888.671875,2.8983193801152014,0.7263952734739718,0.5062926172537233
