light,heavy,T_K,alpha,N_min_99,N_min_999,single_stage_light_left_when_99pct_heavy_condensed
Zn,Fe,1500,79946198.07873496,0.505045236192839,0.7591148244819795,0.9999999423966347
Mg,Fe,1600,4721169.212325314,0.5980282809591112,0.8988742017600133,0.9999990245704543
Hg,Zn,700,11875.927256104424,0.9795327744031386,1.4722995027547752,0.9996123016484897
Pb,Cu,1800,500.1970886509024,1.4787186564701487,2.222607348653339,0.9908355407043348
Ag,Au,2000,73.02167827222245,2.141869388481983,3.2193646992048963,0.9388816980189385
Cu,Ni,2200,14.20794957740541,3.463046962856522,5.205177871191561,0.7231588986457805
Cd,Zn,900,6.65773172854387,4.847738291487257,7.286456219283706,0.5007228243242728
Cu,Sn,2200,1.0362273834336364,258.249993727629,388.16601882800023,0.011746857140223166
Au,Fe,2500,1.42530281620181,25.932976891285822,38.978898899280004,0.039517495632403477
Ni,Co,2600,1.142391877493353,69.03507795637725,103.7640736520982,0.017753634401246776
Fe,Pd,2600,1.5316730526761557,21.555084861391144,32.39865122695937,0.049458199943791636
