T,cantera_solver,paramanu_converged,same_phase_set,n_condensed,max_rel_diff_condensed,max_rel_diff_gas_major,only_ours,only_cantera,paramanu_certified,paramanu_worst_violation,final_solver,final_certified,case
3000.0,vcs,True,True,0.0,0.0,2.1872067964299217e-05,,,True,2.231607776471927e-05,paramanu,True,whole heap
2900.0,vcs,True,True,0.0,0.0,2.214714361388101e-05,,,True,2.2585475029941054e-05,paramanu,True,whole heap
2800.0,vcs,True,True,1.0,6.951260973457414e-10,2.246950053444061e-05,,,True,2.290255861103049e-05,paramanu,True,whole heap
2700.0,vcs,True,True,2.0,1.1961513794924407e-07,2.284682898573135e-05,,,True,2.327640848798153e-05,paramanu,True,whole heap
2600.0,vcs,True,True,2.0,2.4414084008717165e-09,2.3072407499832162e-05,,,True,2.3494987395805017e-05,paramanu,True,whole heap
2500.0,vcs,True,True,2.0,1.2152391803819756e-09,2.3350671963823074e-05,,,True,2.3769733621101702e-05,paramanu,True,whole heap
2400.0,vcs,True,True,2.0,5.974736678637801e-10,2.3526907645224707e-05,,,True,2.394313833124165e-05,paramanu,True,whole heap
2300.0,vcs,True,True,3.0,2.7884566837936574e-10,2.3491364015078367e-05,,,True,2.3903618529839077e-05,paramanu,True,whole heap
2200.0,vcs,True,True,4.0,7.096272658621983e-09,2.1762292074918595e-05,,,True,2.2153487532867734e-05,paramanu,True,whole heap
2100.0,vcs,True,True,5.0,3.105504380380635e-09,1.8859095353947964e-05,,,True,1.9224954101254773e-05,paramanu,True,whole heap
2000.0,vcs,True,True,7.0,2.813255134006563e-08,1.6553426038675786e-05,,,True,1.6903251208165893e-05,paramanu,True,whole heap
1900.0,vcs,True,True,8.0,3.2068971846133563e-09,1.4333548612100345e-05,,,True,1.4650144303692968e-05,paramanu,True,whole heap
1800.0,vcs,True,True,9.0,6.440805445896349e-08,7.415554708321902e-08,,,True,8.728889671494932e-07,paramanu,True,whole heap
1700.0,vcs,True,True,12.0,2.2938543206432283e-08,1.2288611687890401e-05,,,True,1.2532265662315654e-05,paramanu,True,whole heap
1600.0,vcs,True,True,11.0,4.2829970408144874e-08,3.060995226853821e-07,,,True,2.476587949535647e-07,paramanu,True,whole heap
1500.0,vcs,True,True,11.0,3.935887253131374e-08,5.089340689255252e-07,,,True,4.455640401028342e-07,paramanu,True,whole heap
1400.0,vcs,True,True,12.0,4.667262995351453e-07,7.796173564953083e-06,,,True,7.059334041393622e-06,paramanu,True,whole heap
1300.0,vcs,True,True,13.0,9.912447746488312e-09,1.3358252907318183e-08,,,True,1.1680289703857634e-08,paramanu,True,whole heap
1200.0,vcs,True,True,14.0,1.4825915679966001e-06,7.394529298342619e-07,,,True,5.221064421303768e-07,paramanu,True,whole heap
1100.0,vcs,True,True,15.0,4.412158517068404e-08,5.4177788323351356e-08,,,True,1.607237792492983e-07,paramanu,True,whole heap
1000.0,vcs,True,True,16.0,7.27801309170816e-08,9.004153470152318e-07,,,True,7.401929209606214e-07,paramanu,True,whole heap
900.0,vcs,True,True,17.0,2.396767538402615e-05,7.0285311739478175e-09,,,True,9.216667383929061e-06,paramanu,True,whole heap
800.0,vcs,True,True,17.0,1.0737097085514425e-05,6.602681286540506e-09,,,True,8.39296637017882e-06,paramanu,True,whole heap
700.0,vcs,True,True,18.0,5.7445903429859795e-09,1.1551261517037873e-09,,,True,2.9732139479661294e-08,paramanu,True,whole heap
600.0,vcs,True,True,18.0,1.0986852544566692e-09,6.427692197996352e-09,,,True,4.465202714378991e-09,paramanu,True,whole heap
500.0,vcs,True,True,18.0,1.818967648205773e-06,2.0686102391628445e-07,,,True,9.23080596319231e-06,paramanu,True,whole heap
400.0,vcs,True,True,19.0,1.7721191819308912e-08,3.287129852708126e-09,,,True,6.004058462100791e-08,paramanu,True,whole heap
2800.0,vcs,True,True,1.0,7.564942973031207e-10,2.2468650903509994e-05,,,True,2.290170881784492e-05,paramanu,True,ladder step
2700.0,vcs,True,True,2.0,5.81914877514111e-09,2.2848194540725203e-05,,,True,2.3277609001371736e-05,paramanu,True,ladder step
2600.0,vcs,True,True,2.0,2.727955599278963e-09,2.306958483002043e-05,,,True,2.349211769441824e-05,paramanu,True,ladder step
2500.0,vcs,True,True,2.0,6.887367653432181e-09,2.3348842298415038e-05,,,True,2.3767878252794282e-05,paramanu,True,ladder step
2400.0,vcs,True,True,2.0,1.628520231679356e-05,6.651937565613159e-06,,,True,6.2208931769627925e-06,paramanu,True,ladder step
2300.0,vcs,True,True,3.0,5.893761793244487e-08,2.3493152586392784e-05,,,True,2.3905403741016957e-05,paramanu,True,ladder step
2200.0,vcs,True,True,3.0,6.8383688372405e-07,3.307158374464344e-06,,,True,3.243314714784878e-06,paramanu,True,ladder step
2100.0,vcs,True,True,4.0,8.62245873779827e-09,1.8865594266964397e-05,,,True,1.923146206720494e-05,paramanu,True,ladder step
2000.0,vcs,True,True,4.0,4.460869428121149e-08,1.653225470595912e-05,,,True,1.6885561202752433e-05,paramanu,True,ladder step
1900.0,vcs,True,True,7.0,4.758446558572028e-06,9.506047594577222e-06,,,True,9.1340829983159e-06,paramanu,True,ladder step
1800.0,vcs,True,True,7.0,3.5877609310725587e-07,1.369665138358999e-05,,,True,1.3982003163607632e-05,paramanu,True,ladder step
1700.0,vcs,True,True,8.0,2.82540177115649e-05,8.346628959921347e-06,,,True,7.729352781646916e-06,paramanu,True,ladder step
1600.0,vcs,True,True,7.0,4.090826356288857e-07,1.3880422856220856e-05,,,True,1.4132621541448934e-05,paramanu,True,ladder step
1500.0,none converged,,,,,,,,True,1.4911976699967902e-05,paramanu,True,ladder step
1400.0,vcs,True,True,4.0,0.0018857107210319191,8.051678710059335e-06,,,True,7.1307634123749606e-06,paramanu,True,ladder step
1300.0,vcs,True,True,2.0,8.720306450838233e-07,1.6439371469990445e-05,,,True,1.6717093642178863e-05,paramanu,True,ladder step
1200.0,vcs,True,True,2.0,9.135245679190001e-07,8.662006742948117e-07,,,True,7.651992373040411e-07,paramanu,True,ladder step
1100.0,none converged,,,,,,,,True,2.6780183571679146e-06,paramanu,True,ladder step
1000.0,vcs,True,True,6.0,9.75920712075559e-07,2.1829063539778842e-06,,,True,1.2309724222803927e-06,paramanu,True,ladder step
900.0,vcs,True,True,5.0,2.888625409412842e-08,1.1032619062132212e-07,,,True,5.207602750078269e-08,paramanu,True,ladder step
800.0,vcs,True,True,4.0,1.2593939236869004e-08,3.6301165133891866e-08,,,True,2.801967670622108e-08,paramanu,True,ladder step
700.0,vcs,True,True,3.0,1.127501295366339e-05,8.629332557894817e-07,,,True,3.7122124593512816e-07,paramanu,True,ladder step
600.0,vcs,True,True,2.0,1.196557742356341e-08,1.1983489008139691e-05,,,True,1.2145743082376608e-05,paramanu,True,ladder step
500.0,vcs,True,True,2.0,1.7615489741546824e-06,1.3883929122176716e-06,,,True,1.155520196312875e-06,paramanu,True,ladder step
400.0,vcs,True,True,2.0,2.9506853769478297e-06,3.254534846191829e-06,,,True,2.413870108106516e-06,paramanu,True,ladder step
300.0,vcs,True,True,4.0,1.022663694453454e-09,4.113868058465488e-09,,,True,1.925899876554913e-10,paramanu,True,ladder step
