element,T50_cantera_nasa7,T50_cea_nasa9,diff_K,main_band_nasa7,main_band_nasa9,share_main_nasa7,share_same_band_nasa9
Al,2200.0,2200.0,0.0,B,B,0.998001696619132,0.9977463993985277
C,925.0,950.0,25.0,E,E,0.36053443694843385,0.35407333372334354
Ca,2100.0,2100.0,0.0,B,B,0.9246896925438529,0.9111396604158299
Cl,1125.0,1125.0,0.0,D2,D2,0.9663237831157522,0.9727120863355738
Cr,1650.0,1650.0,0.0,C,C,0.8371237459203439,0.8380028648755818
Cu,1700.0,1700.0,0.0,C,C,0.9005400956724589,0.8991421560881706
F,975.0,,,E,gas,0.5500720580070947,0.0
Fe,2225.0,2225.0,0.0,B,B,0.9613999226993163,0.9612574090496397
H,350.0,350.0,0.0,cold,cold,0.8206792187488066,0.8097840113890792
Hg,,,,gas,gas,0.5016825449441986,0.5287487364522216
K,1125.0,1150.0,25.0,D2,D2,0.976570973111181,0.9613849844627844
Li,850.0,1050.0,200.0,E,D2,0.922912729041088,0.15578543781310983
Mg,1950.0,1950.0,0.0,C,C,0.984029221115052,0.9665389048863006
N,,,,gas,gas,0.998678547468716,0.9972693588899207
Na,1225.0,1225.0,0.0,D2,D2,0.9227715029693224,0.9351291642724087
Ni,1850.0,1850.0,0.0,C,C,0.9927205666561437,0.9927870232574427
O,350.0,350.0,0.0,cold,cold,0.5876827666129769,0.579745350292954
P,400.0,750.0,350.0,E,E,0.8807811743362216,1.0
Pb,1025.0,1025.0,0.0,D2,D2,0.7850853509442554,0.7855852356612563
S,1500.0,1500.0,0.0,D1,D1,0.8458437110706,0.704882544520967
Si,1925.0,1925.0,0.0,C,C,0.6069504744379667,0.6266752879736693
Ti,2825.0,2800.0,-25.0,A,A,0.9748743339668171,0.9732882785400325
Zn,675.0,675.0,0.0,E,E,1.0,1.0
